customer_id,full_name,email,phone,address,signup_date
C00001,,priya.patel51@example.com,,,06-02-2022
C00002, Isaac Garcia ,isaac.garcia81@example.com,(555) 742-2013,9465 Hill Ct,2018-07-23
C00003,Ivy Sato,ivy.sato82@example.com,(555) 292-7101,1606 Maple Ave,2024-04-30
C00004,,olivia.garcia11@example.com,+1-555-688-5919,8614 River Way,07-11-2021
C00005,,catherine.novak74@example.com,(555) 908-6140,,28-07-2023
C00006,,ivy.silva37@example.com,+1-555-833-7320, 5695 Oak St ,07/03/2023
C00007,Catherine Nguyen,catherine.nguyen58@example.com,+1-555-511-5552,,03/03/2024
C00008,Liam Ortiz,liam.ortiz76@example.com,+1-555-286-5304,4629 Oak St,20/08/2019
C00009,Hannah Novak,hannah.novak51@example.com,+1-555-507-7536,6467 Maple Ave,27-05-2023
C00010,Mateo Reyes,mateo.reyes47@example.com,+1-555-728-1417,1162 Cedar Ln,2022-03-22
C00011, Ethan Sanders ,ethan.sanders19@example.com,+1-555-204-6613,,24-10-2019
C00012,Catherine Singh,catherine.singh67@example.com,+1-555-475-3736,5837 Cedar Ln,22-12-2023
C00013, Arjun Kim ,arjun.kim67@example.com,(555) 604-6825,484 Oak St,18/02/2021
C00014,,arjun.reyes30@example.com,(555) 581-4222,5543 Cedar Ln,31-05-2023
C00015,Amelia Kim,amelia.kim62@example.com,+1-555-282-8109,5457 Maple Ave,10/06/2022
C00016,Noah Walker,noah.walker77@example.com,+1-555-585-6741,2564 Pine Rd,2018-03-29
C00017,Liam Singh,liam.singh28@example.com,+1-555-399-9211, 3950 Lake Dr ,28-11-2020
C00018,Zoe Patel,zoe.patel69@example.com,+1-555-255-9577,8374 Oak St,
C00019, Zoe Novak ,zoe.novak62@example.com,+1-555-903-2738,9189 Oak St,2020-10-14
C00020,Zoe Walker,zoe.walker66@example.com,(555) 304-5541,7421 River Way,2023-09-11
C00021,Isaac Khan,isaac.khan57@example.com,+1-555-423-2188,3952 Hill Ct,2018-10-27
C00022,Hannah Garcia,hannah.garcia96@example.com,(555) 196-7525,,2020-07-05
C00023, Hannah Silva ,hannah.silva91@example.com,,5441 Elm Blvd,2023-09-30
C00024,,,+1-555-938-5237,6661 Pine Rd,
C00025, Catherine Singh ,catherine.singh11@example.com,+1-555-722-4643,,14/05/2019
C00026, Olivia Singh ,olivia.singh7@example.com,,5121 Elm Blvd,
C00027,Mateo Kim,mateo.kim66@example.com,+1-555-586-5025,7334 Maple Ave,06-11-2022
C00028, Noah Khan ,noah.khan45@example.com,(555) 155-3126, 243 Maple Ave ,12/11/2020
C00029,Hannah Nguyen,hannah.nguyen21@example.com,(555) 375-8304,69 Elm Blvd,
C00030,Kabir Singh,kabir.singh65@example.com,+1-555-771-4292, 4076 Oak St ,
C00031,Noah Walker,noah.walker50@example.com,+1-555-882-6343, 8106 Pine Rd ,09-03-2021
C00032, Zoe Bailey ,zoe.bailey73@example.com,+1-555-954-1263,,
C00033,Arjun Ortiz,arjun.ortiz34@example.com,+1-555-103-8486,1158 Maple Ave,2023-11-25
C00034,Hannah Ortiz,hannah.ortiz49@example.com,+1-555-178-8848,4717 Oak St,2020-03-23
C00035,Isaac Kim,isaac.kim87@example.com,+1-555-601-5765, 8472 Elm Blvd ,
C00036, Zoe Silva ,zoe.silva35@example.com,+1-555-496-4437,3462 Maple Ave,2024-07-09
C00037,Arjun Ortiz,arjun.ortiz63@example.com,+1-555-503-1406,2616 Oak St,
C00038,Amelia Reyes,amelia.reyes26@example.com,(555) 830-1192,4758 Elm Blvd,
C00039,,ethan.patel32@example.com,(555) 372-8147,8381 Lake Dr,17/02/2020
C00040,Catherine Lewis,catherine.lewis94@example.com,+1-555-520-8386,2280 Elm Blvd,2023-06-12
C00041, Amelia Garcia ,amelia.garcia39@example.com,(555) 594-7461,1971 Pine Rd,2019-10-25
C00042,Maya Garcia,,(555) 278-6602,9117 Maple Ave,2021-07-31
C00043,Sofia Ivanov,sofia.ivanov97@example.com,+1-555-163-9161,4556 Lake Dr,31-05-2019
C00044,Ethan Robinson,ethan.robinson17@example.com,(555) 133-7966,7764 River Way,2018-01-01
C00045, Zoe Reyes ,zoe.reyes93@example.com,+1-555-817-8492,1402 Oak St,2018-01-06
C00046,,isaac.reyes10@example.com,+1-555-407-9592,9560 Cedar Ln,09/05/2022
C00047, Kabir Bailey ,kabir.bailey31@example.com,(555) 660-5047,489 Hill Ct,2021-06-13
C00048,Brianna Ivanov,brianna.ivanov92@example.com,(555) 530-6936,6503 Cedar Ln,28/01/2018
C00049, Ethan Reyes ,,,3668 River Way,05-09-2022
C00050, Olivia Khan ,olivia.khan58@example.com,+1-555-829-6147,1864 Maple Ave,10/11/2019
C00051,Hannah Nguyen,hannah.nguyen14@example.com,+1-555-102-2281, 4594 Maple Ave ,10/12/2021
C00052,Brianna Ortiz,brianna.ortiz26@example.com,+1-555-481-9872,7322 Cedar Ln,17/08/2021
C00053,,brianna.singh25@example.com,+1-555-865-2029,9932 Lake Dr,26/01/2022
C00054,Rohan Sanders,rohan.sanders4@example.com,(555) 945-4831,,23/03/2023
C00055, Noah Walker ,,,7559 Lake Dr,20-11-2018
C00056,Isaac Sanders,isaac.sanders34@example.com,+1-555-739-2377,3423 Maple Ave,21/09/2022
C00057,Isaac Brown,isaac.brown38@example.com,(555) 386-5385, 6120 Elm Blvd ,
C00058,Arjun Bailey,arjun.bailey68@example.com,,7610 Oak St,2019-02-24
C00059,Ivy Kim,ivy.kim10@example.com,(555) 481-9399, 2922 River Way ,30-11-2020
C00060,,,+1-555-849-4333,196 Lake Dr,03-08-2022
C00061,Mateo Patel,,(555) 646-2493,2691 Hill Ct,15/01/2021
C00062,Lucas Kim,lucas.kim51@example.com,+1-555-845-7635,3346 Oak St,
C00063, Amelia Sanders ,amelia.sanders74@example.com,(555) 737-7075,8275 Pine Rd,21/08/2019
C00064,Noah Lewis,noah.lewis62@example.com,+1-555-422-1874,9965 Hill Ct,20-12-2018
C00065, Olivia Sato ,olivia.sato28@example.com,,8495 Pine Rd,21/04/2022
C00066,Priya Reyes,priya.reyes50@example.com,+1-555-713-8466,,17/09/2022
C00067, Arjun Silva ,arjun.silva98@example.com,(555) 733-8508,2952 River Way,
C00068,Priya Bailey,priya.bailey11@example.com,+1-555-155-9256,6200 Pine Rd,2018-04-16
C00069, Olivia Garcia ,olivia.garcia9@example.com,+1-555-953-6749,4142 Pine Rd,19-08-2021
C00070,Priya Costa,priya.costa5@example.com,+1-555-303-3983,,13-02-2021
C00071,Hannah Novak,hannah.novak67@example.com,,4139 Hill Ct,02/03/2022
C00072,Ethan Bailey,ethan.bailey33@example.com,,N/A,2020-06-26
C00073,Brianna Robinson,brianna.robinson73@example.com,+1-555-463-5976,1752 Lake Dr,
C00074, Noah Silva ,noah.silva13@example.com,+1-555-165-3370,4429 Hill Ct,2020-12-18
C00075, Olivia Robinson ,olivia.robinson6@example.com,+1-555-163-9708,423 Hill Ct,2020-01-31
C00076, Zoe Meyer ,zoe.meyer79@example.com,,5078 Maple Ave,14-05-2021
C00077,Hannah Nguyen,hannah.nguyen29@example.com,,3815 Oak St,20/05/2019
C00078,Zoe Singh,zoe.singh38@example.com,+1-555-757-4555,1409 Oak St,27/11/2019
C00079, Amelia Novak ,amelia.novak61@example.com,(555) 583-9693,114 Oak St,26-11-2022
C00080,,,,2333 Oak St,2018-05-07
C00081, Mateo Sanders ,mateo.sanders97@example.com,(555) 828-7288, 1764 Cedar Ln ,2020-04-22
C00082, Isaac Patel ,,+1-555-910-4358,4834 Lake Dr,10/10/2021
C00083,Kabir Brown,kabir.brown80@example.com,+1-555-863-1507,6775 Oak St,
C00084,Olivia Meyer,olivia.meyer1@example.com,(555) 636-4310,4734 Oak St,18/01/2018
C00085,Olivia Brown,olivia.brown28@example.com,+1-555-816-4793,8174 Pine Rd,
C00086,Catherine Meyer,catherine.meyer83@example.com,+1-555-125-7094,3387 Elm Blvd,14/12/2020
C00087,Rohan Lewis,rohan.lewis45@example.com,+1-555-695-6352,8558 Pine Rd,19-01-2023
C00088,Arjun Bailey,arjun.bailey25@example.com,(555) 373-5939,2542 Pine Rd,11-10-2020
C00089, Isaac Kim ,isaac.kim50@example.com,+1-555-254-3430,,17/11/2022
C00090,Arjun Bailey,arjun.bailey81@example.com,+1-555-403-8590, 372 Pine Rd ,19-11-2020
C00091,Ivy Garcia,ivy.garcia87@example.com,+1-555-285-3035, 7446 Hill Ct ,06/07/2021
C00092,Hannah Robinson,,+1-555-979-7706,8501 Pine Rd,2021-09-05
C00093, Zoe Costa ,zoe.costa13@example.com,(555) 967-8483,8874 Cedar Ln,03-05-2023
C00094,Zoe Reyes,zoe.reyes94@example.com,(555) 728-6824, 937 Elm Blvd ,28/01/2021
C00095,Amelia Bailey,amelia.bailey29@example.com,(555) 920-7421, 7581 Cedar Ln ,2019-11-05
C00096, Diego Silva ,diego.silva38@example.com,(555) 878-9982,,2021-12-24
C00097,,arjun.brown42@example.com,+1-555-591-8944,7030 Maple Ave,2022-01-24
C00098, Ivy Robinson ,ivy.robinson85@example.com,+1-555-111-4436, 1189 Elm Blvd ,21-10-2020
C00099,Olivia Walker,olivia.walker89@example.com,(555) 722-2481,8996 Elm Blvd,19/03/2020
C00100,Noah Ortiz,noah.ortiz64@example.com,,7945 River Way,15-08-2019
C00101,,ethan.silva48@example.com,+1-555-536-7861, 1245 Pine Rd ,
C00102,Noah Lewis,noah.lewis28@example.com,+1-555-835-7809,2089 Lake Dr,22-01-2019
C00103,Ethan Brown,ethan.brown46@example.com,(555) 947-9089,6624 Lake Dr,26/08/2023
C00104, Catherine Lewis ,catherine.lewis52@example.com,+1-555-840-7652,,21/06/2022
C00105,Amelia Walker,,(555) 741-2359, 3491 Oak St ,19-02-2023
C00106,Noah Brown,noah.brown72@example.com,,4958 Pine Rd,
C00107,Diego Sato,diego.sato90@example.com,(555) 514-8314,,05-05-2022
C00108, Noah Robinson ,noah.robinson55@example.com,+1-555-104-1152, 2003 Maple Ave ,
C00109, Noah Sanders ,noah.sanders38@example.com,+1-555-743-9160, 7556 Elm Blvd ,04-08-2018
C00110, Kabir Walker ,kabir.walker8@example.com,+1-555-423-7022,9430 River Way,09-04-2023
C00111,Hannah Singh,hannah.singh97@example.com,+1-555-680-6470,4800 Elm Blvd,06-09-2018
C00112, Ethan Sato ,ethan.sato55@example.com,(555) 352-7171, 6356 Hill Ct ,17/08/2020
C00113,Noah Sato,noah.sato19@example.com,(555) 380-9975,8201 Lake Dr,2023-12-30
C00114,Amelia Silva,,+1-555-311-5173,9617 Oak St,26/04/2022
C00115, Priya Ortiz ,priya.ortiz65@example.com,(555) 703-4307,3109 Cedar Ln,2020-02-27
C00116, Kabir Costa ,,+1-555-480-8592,1349 Pine Rd,17-07-2021
C00117,Maya Singh,,,7331 Pine Rd,2020-11-06
C00118, Catherine Walker ,catherine.walker82@example.com,(555) 506-2964, 1483 Elm Blvd ,29-07-2021
C00119,Arjun Nguyen,arjun.nguyen5@example.com,,981 Oak St,12/07/2018
C00120,Ethan Sato,ethan.sato76@example.com,+1-555-551-2727,7722 Lake Dr,03/03/2022
C00121,Maya Lewis,,,1284 Lake Dr,27/07/2019
C00122,Isaac Costa,isaac.costa19@example.com,(555) 439-4631,,23-01-2023
C00123,Olivia Singh,olivia.singh63@example.com,(555) 211-6211, 7484 River Way ,2019-04-13
C00124,Maya Costa,maya.costa56@example.com,+1-555-367-4910, 3911 Maple Ave ,18/05/2022
C00125, Zoe Patel ,zoe.patel57@example.com,(555) 101-9627,4702 Pine Rd,14/01/2022
C00126,Rohan Sanders,rohan.sanders12@example.com,+1-555-723-9117,,2020-04-23
C00127,Brianna Bailey,brianna.bailey45@example.com,(555) 443-5616,8087 Maple Ave,05/03/2018
C00128, Lucas Sato ,lucas.sato77@example.com,+1-555-978-1076,5845 River Way,2023-10-14
C00129,,brianna.brown14@example.com,+1-555-848-9106,7324 Oak St,13-12-2023
C00130,Liam Reyes,liam.reyes90@example.com,+1-555-856-4196,,19/06/2024
C00131, Zoe Singh ,zoe.singh15@example.com,+1-555-224-2991,6656 Pine Rd,
C00132,Diego Walker,diego.walker78@example.com,+1-555-638-1593,6492 Oak St,27/01/2022
C00133,Mateo Lewis,,(555) 629-3402,5800 Cedar Ln,
C00134,Amelia Silva,amelia.silva82@example.com,(555) 147-1659,573 Elm Blvd,24-01-2021
C00135,Ethan Costa,ethan.costa83@example.com,(555) 270-2972,998 Elm Blvd,13/12/2018
C00136,Catherine Novak,catherine.novak37@example.com,(555) 959-8440,9351 Cedar Ln,
C00137,Maya Bailey,maya.bailey70@example.com,+1-555-492-7495,,
C00138,Rohan Costa,rohan.costa57@example.com,(555) 773-2016, 8480 Hill Ct ,07/12/2022
C00139,Maya Walker,maya.walker79@example.com,+1-555-970-5534,,01/05/2023
C00140,Kabir Khan,kabir.khan74@example.com,(555) 253-7847,4586 Maple Ave,04/04/2022
C00141,,kabir.khan57@example.com,+1-555-407-4018,8806 Elm Blvd,17/08/2019
C00142,Maya Meyer,maya.meyer2@example.com,(555) 126-1777,4213 River Way,13-05-2021
C00143,Rohan Costa,rohan.costa58@example.com,+1-555-110-2118,8615 Cedar Ln,10/02/2019
C00144,Rohan Sato,rohan.sato44@example.com,+1-555-808-9685, 1521 Pine Rd ,25/01/2022
C00145,Zoe Meyer,,+1-555-260-9586, 4760 Cedar Ln ,2023-08-31
C00146, Liam Robinson ,liam.robinson40@example.com,+1-555-827-1064, 4998 Hill Ct ,08-02-2019
C00147, Noah Sato ,noah.sato26@example.com,(555) 520-2990, 2391 Pine Rd ,25-10-2023
C00148, Liam Sato ,liam.sato42@example.com,(555) 247-4903, 5807 Elm Blvd ,2019-11-25
C00149, Amelia Sato ,amelia.sato98@example.com,+1-555-144-8203,904 Cedar Ln,2020-10-18
C00150,,kabir.sanders32@example.com,,9591 Cedar Ln,21/08/2022
C00151,Ethan Khan,ethan.khan72@example.com,(555) 471-2882,5498 Hill Ct,07/10/2021
C00152, Diego Lewis ,diego.lewis36@example.com,(555) 780-1414,5603 Pine Rd,17-09-2020
C00153,Lucas Costa,lucas.costa28@example.com,+1-555-839-7638,6185 Cedar Ln,02/05/2021
C00154,Lucas Novak,lucas.novak32@example.com,(555) 513-9359,3492 Pine Rd,18-05-2019
C00155,Amelia Sanders,amelia.sanders89@example.com,,5269 Cedar Ln,2019-03-23
C00156,Amelia Brown,amelia.brown46@example.com,,2175 Elm Blvd,2019-12-24
C00157,,,(555) 200-3976,4785 Maple Ave,14-01-2021
C00158,Brianna Novak,brianna.novak40@example.com,+1-555-744-3943,,24/05/2024
C00159, Ethan Lewis ,,+1-555-721-1775,4015 Maple Ave,02/06/2018
C00160,Sofia Bailey,sofia.bailey12@example.com,+1-555-457-7946,7260 Lake Dr,23-08-2023
C00161, Noah Ortiz ,noah.ortiz98@example.com,(555) 293-1715,9170 Elm Blvd,16-12-2019
C00162,Ethan Patel,ethan.patel18@example.com,+1-555-802-8969,7919 Cedar Ln,2020-09-17
C00163, Priya Reyes ,priya.reyes71@example.com,,2546 River Way,2022-07-22
C00164,Hannah Reyes,hannah.reyes21@example.com,+1-555-432-8292, 7688 Lake Dr ,2021-03-31
C00165, Sofia Reyes ,sofia.reyes83@example.com,(555) 600-8114,8011 Cedar Ln,03/02/2024
C00166,Noah Robinson,noah.robinson4@example.com,+1-555-893-7476,2387 Elm Blvd,2022-02-15
C00167,Amelia Nguyen,amelia.nguyen83@example.com,,5255 Cedar Ln,2022-02-18
C00168,Amelia Lewis,amelia.lewis28@example.com,(555) 606-7930, 8194 Pine Rd ,
C00169,,hannah.ortiz25@example.com,+1-555-323-7102,,
C00170,Olivia Nguyen,olivia.nguyen49@example.com,+1-555-402-1068,7270 Lake Dr,2024-05-13
C00171,Rohan Walker,rohan.walker11@example.com,+1-555-930-1983,5441 Elm Blvd,03-05-2024
C00172,Arjun Silva,arjun.silva89@example.com,(555) 187-3407,9497 Lake Dr,22-03-2024
C00173,Isaac Garcia,isaac.garcia33@example.com,+1-555-765-2555,3082 Elm Blvd,
C00174,Catherine Silva,catherine.silva18@example.com,(555) 984-9243,9030 Maple Ave,
C00175,Rohan Lewis,rohan.lewis52@example.com,+1-555-342-1773,6110 Oak St,04-03-2018
C00176,Ivy Reyes,ivy.reyes94@example.com,(555) 991-6810,2762 Lake Dr,30-10-2021
C00177, Rohan Costa ,,+1-555-464-9992,5373 Maple Ave,20-05-2018
C00178,Catherine Singh,catherine.singh24@example.com,,6249 Pine Rd,22-10-2020
C00179, Brianna Lewis ,brianna.lewis10@example.com,+1-555-286-7431,7804 Pine Rd,12/01/2023
C00180,Maya Nguyen,maya.nguyen47@example.com,+1-555-844-8663,5439 River Way,08/05/2022
C00181,Noah Singh,noah.singh50@example.com,(555) 379-2040,8202 Elm Blvd,
C00182, Diego Sato ,diego.sato82@example.com,+1-555-201-6945,4623 Cedar Ln,02-08-2019
C00183,Priya Lewis,priya.lewis91@example.com,+1-555-445-6295, 7898 Lake Dr ,2020-09-24
C00184,,olivia.sato9@example.com,(555) 247-5939,5064 Elm Blvd,31-05-2024
C00185,Hannah Costa,hannah.costa89@example.com,+1-555-538-2109,,
C00186,Rohan Brown,rohan.brown65@example.com,+1-555-763-2631, 3232 Cedar Ln ,2018-08-21
C00187,Liam Ivanov,liam.ivanov4@example.com,+1-555-317-6268,,15/06/2023
C00188,Rohan Khan,rohan.khan33@example.com,(555) 574-1222,,29-04-2024
C00189, Catherine Costa ,catherine.costa47@example.com,,8835 Pine Rd,13/06/2024
C00190, Hannah Novak ,hannah.novak36@example.com,+1-555-470-9574,8687 Elm Blvd,25/06/2019
C00191, Catherine Robinson ,catherine.robinson80@example.com,+1-555-237-3002,995 Cedar Ln,2024-03-24
C00192,,lucas.garcia57@example.com,,3502 Lake Dr,13/05/2022
C00193, Lucas Lewis ,lucas.lewis30@example.com,(555) 677-7160,N/A,2020-07-06
C00194, Kabir Kim ,kabir.kim73@example.com,+1-555-909-3567,7831 Elm Blvd,14/07/2019
C00195,Ivy Lewis,,+1-555-971-6904,766 River Way,
C00196,Noah Bailey,noah.bailey95@example.com,(555) 460-2598,2774 River Way,2022-06-15
C00197, Liam Lewis ,liam.lewis18@example.com,+1-555-616-4795,9428 Hill Ct,06-03-2019
C00198,,olivia.garcia88@example.com,(555) 653-3423,8947 Maple Ave,11/12/2023
C00199,Olivia Robinson,,+1-555-375-2129,717 Cedar Ln,2023-09-15
C00200,Diego Singh,diego.singh52@example.com,+1-555-532-6214,,2022-04-18
C00201,,sofia.walker94@example.com,(555) 486-4944,3260 Maple Ave,22-12-2018
C00202, Ivy Robinson ,ivy.robinson61@example.com,+1-555-864-8710,8367 Lake Dr,16/02/2024
C00203,Priya Sanders,priya.sanders81@example.com,(555) 916-9897,,10/12/2020
C00204,Maya Bailey,maya.bailey22@example.com,+1-555-932-6993,,17-09-2019
C00205,Diego Reyes,diego.reyes53@example.com,(555) 257-5120,6156 Maple Ave,03/02/2022
C00206,Kabir Nguyen,kabir.nguyen98@example.com,+1-555-629-3455,,11/02/2022
C00207, Brianna Sato ,brianna.sato23@example.com,,4508 Lake Dr,2020-11-13
C00208,Lucas Lewis,lucas.lewis92@example.com,+1-555-553-7155,6025 Oak St,24/04/2021
C00209,Ivy Costa,ivy.costa9@example.com,+1-555-781-4328,,24/11/2018
C00210,,hannah.meyer54@example.com,(555) 584-3887,1076 River Way,17/06/2022
C00211,,priya.khan99@example.com,+1-555-570-2935,,12-11-2018
C00212,Kabir Lewis,kabir.lewis71@example.com,, 9577 Pine Rd ,2022-07-25
C00213,Priya Khan,priya.khan33@example.com,(555) 779-5895,9114 Hill Ct,24/09/2023
C00214, Maya Novak ,,+1-555-482-8605,8021 Pine Rd,07/02/2022
C00215,Priya Lewis,priya.lewis36@example.com,(555) 324-8194,4786 Cedar Ln,07-05-2020
C00216,Noah Sanders,noah.sanders77@example.com,(555) 609-3951,242 Pine Rd,2023-08-03
C00217,Isaac Silva,isaac.silva13@example.com,(555) 306-2499,834 Hill Ct,05-07-2020
C00218,Hannah Brown,hannah.brown98@example.com,(555) 338-6222,9194 Pine Rd,
C00219, Ethan Garcia ,,+1-555-658-2533,3256 River Way,02-09-2019
C00220, Zoe Bailey ,zoe.bailey10@example.com,+1-555-397-9026,5710 Oak St,2023-07-27
C00221,Arjun Sato,arjun.sato39@example.com,+1-555-133-2649, 31 Lake Dr ,2020-03-07
C00222,,ethan.sanders93@example.com,+1-555-672-8454, 1577 Maple Ave ,23-10-2019
C00223, Catherine Costa ,catherine.costa94@example.com,(555) 779-3685,5899 Pine Rd,04/01/2019
C00224,Sofia Novak,sofia.novak70@example.com,(555) 220-6312,7674 Cedar Ln,03-11-2019
C00225,Mateo Bailey,mateo.bailey31@example.com,+1-555-197-1247,1742 Oak St,
C00226,Zoe Reyes,,(555) 683-2978,1391 Cedar Ln,2020-08-16
C00227,Rohan Nguyen,,(555) 450-2376,7575 Pine Rd,14/02/2018
C00228, Lucas Patel ,,(555) 302-4598,,12/01/2018
C00229,Lucas Meyer,lucas.meyer12@example.com,+1-555-766-6721,,11-07-2023
C00230,Ivy Nguyen,ivy.nguyen56@example.com,+1-555-495-9404,4908 Maple Ave,06/10/2018
C00231, Brianna Khan ,brianna.khan85@example.com,(555) 902-7468,5623 Hill Ct,2022-07-22
C00232,,rohan.robinson15@example.com,+1-555-999-8788,,11/05/2021
C00233,Olivia Silva,olivia.silva53@example.com,(555) 776-9817,3970 Maple Ave,05-06-2020
C00234,Rohan Khan,rohan.khan40@example.com,(555) 611-6218, 8312 Cedar Ln ,27/10/2019
C00235,Isaac Novak,isaac.novak95@example.com,+1-555-982-9419,6181 Pine Rd,03-11-2020
C00236, Zoe Lewis ,zoe.lewis84@example.com,+1-555-610-9082,5969 Oak St,22-08-2018
C00237,Kabir Patel,kabir.patel1@example.com,+1-555-377-3367,3084 Oak St,2022-05-26
C00238,Catherine Khan,catherine.khan64@example.com,(555) 826-6902, 4556 Lake Dr ,
C00239,Zoe Nguyen,zoe.nguyen88@example.com,(555) 419-1876, 9631 Elm Blvd ,18/04/2022
C00240,Sofia Costa,sofia.costa51@example.com,(555) 427-7316,7752 Elm Blvd,
C00241,Mateo Ortiz,mateo.ortiz85@example.com,+1-555-672-7745,1262 Elm Blvd,
C00242, Ivy Brown ,ivy.brown46@example.com,(555) 716-6895,4360 Cedar Ln,14-10-2018
C00243,Isaac Khan,isaac.khan51@example.com,(555) 961-6599, 6563 Hill Ct ,10/08/2023
C00244,Priya Sanders,priya.sanders53@example.com,+1-555-168-9226,60 Cedar Ln,24/06/2024
C00245,Arjun Bailey,arjun.bailey16@example.com,,6251 Elm Blvd,22-06-2019
C00246,Maya Garcia,maya.garcia40@example.com,, 9332 Maple Ave ,2022-01-13
C00247, Brianna Silva ,brianna.silva76@example.com,(555) 668-1528,658 River Way,29/03/2019
C00248,Ivy Novak,ivy.novak92@example.com,+1-555-131-4653, 2845 Oak St ,30/08/2023
C00249, Arjun Lewis ,arjun.lewis48@example.com,+1-555-644-6397,4134 Maple Ave,12-05-2023
C00250,Ethan Kim,ethan.kim10@example.com,(555) 853-9457,280 River Way,20-03-2020
C00251,Rohan Robinson,rohan.robinson9@example.com,+1-555-462-4369,6857 Oak St,12/01/2024
C00252,Diego Robinson,diego.robinson92@example.com,(555) 565-2673,5628 Maple Ave,23/09/2019
C00253,Isaac Bailey,isaac.bailey73@example.com,+1-555-357-9322,6381 Cedar Ln,20/12/2021
C00254,Olivia Meyer,olivia.meyer18@example.com,+1-555-241-1210,,25-07-2024
C00255, Catherine Ivanov ,,+1-555-739-8565,7948 Cedar Ln,2018-01-31
C00256,Hannah Sanders,hannah.sanders73@example.com,+1-555-841-1880,7721 Pine Rd,28-06-2022
C00257,Rohan Khan,rohan.khan9@example.com,,,26-05-2022
C00258,,brianna.silva7@example.com,+1-555-511-4939,3607 Oak St,28-03-2024
C00259,Isaac Nguyen,,+1-555-926-9668,2677 Lake Dr,10-03-2019
C00260,,rohan.walker77@example.com,,1281 Oak St,13-02-2024
C00261,Isaac Kim,,(555) 539-2808,1424 Lake Dr,2019-01-21
C00262, Rohan Sato ,rohan.sato43@example.com,+1-555-887-4146,123 Maple Ave,2018-11-04
C00263,Catherine Robinson,catherine.robinson8@example.com,(555) 833-1501,2222 Hill Ct,
C00264,Olivia Silva,olivia.silva21@example.com,+1-555-769-8754, 5350 Elm Blvd ,2020-10-19
C00265,Priya Sanders,priya.sanders69@example.com,(555) 265-2717,,07-10-2022
C00266,Diego Bailey,diego.bailey89@example.com,+1-555-895-2468,3489 Cedar Ln,2021-03-23
C00267, Ethan Khan ,ethan.khan32@example.com,(555) 449-5212,463 Maple Ave,06-05-2020
C00268, Catherine Sanders ,catherine.sanders69@example.com,(555) 114-2203,5932 Maple Ave,06-08-2019
C00269,Ethan Khan,ethan.khan53@example.com,(555) 813-3838,7299 Maple Ave,02/03/2023
C00270, Rohan Robinson ,,(555) 174-2466,,2020-12-13
C00271, Ethan Robinson ,ethan.robinson35@example.com,+1-555-973-3131,5832 Lake Dr,30-01-2024
C00272,Olivia Brown,olivia.brown98@example.com,,,16/06/2020
C00273,Ethan Robinson,ethan.robinson61@example.com,(555) 548-8986, 1907 Maple Ave ,27-02-2023
C00274, Catherine Singh ,catherine.singh47@example.com,(555) 554-8686,3927 Lake Dr,2024-03-22
C00275, Diego Bailey ,diego.bailey8@example.com,(555) 345-9544,,2020-05-19
C00276, Maya Singh ,maya.singh85@example.com,(555) 908-6918,1126 Maple Ave,30/04/2023
C00277,Arjun Ortiz,arjun.ortiz86@example.com,+1-555-719-3282,5981 Pine Rd,06/05/2022
C00278,Catherine Silva,,,4682 River Way,2019-07-30
C00279, Catherine Ortiz ,catherine.ortiz48@example.com,(555) 623-9062,3487 Cedar Ln,28/02/2020
C00280,Liam Sato,liam.sato48@example.com,(555) 888-3655,3916 Oak St,27-09-2019
C00281, Diego Patel ,diego.patel18@example.com,+1-555-634-3216, 9535 Lake Dr ,2018-08-22
C00282, Sofia Meyer ,sofia.meyer13@example.com,+1-555-152-8136,1715 Oak St,2021-04-01
C00283, Zoe Sato ,zoe.sato15@example.com,(555) 556-4993, 8195 Lake Dr ,08-11-2023
C00284,Lucas Bailey,lucas.bailey33@example.com,+1-555-793-2202,945 River Way,19-05-2020
C00285,Priya Garcia,priya.garcia56@example.com,(555) 191-4393,8899 Hill Ct,2022-07-01
C00286, Maya Singh ,maya.singh15@example.com,(555) 136-9353,2238 Hill Ct,20-09-2022
C00287,Kabir Robinson,kabir.robinson87@example.com,+1-555-792-3636,6465 Lake Dr,25-04-2019
C00288,Ethan Singh,ethan.singh21@example.com,,9858 River Way,2018-07-06
C00289, Arjun Robinson ,arjun.robinson23@example.com,+1-555-335-3859,4353 Cedar Ln,2018-03-21
C00290, Kabir Singh ,kabir.singh43@example.com,(555) 156-2375, 4335 Pine Rd ,2020-12-23
C00291,,rohan.novak7@example.com,,6937 Hill Ct,23-04-2021
C00292, Hannah Garcia ,hannah.garcia80@example.com,+1-555-195-8731,9267 Hill Ct,2019-07-21
C00293,Brianna Robinson,brianna.robinson30@example.com,(555) 841-1385,3630 Elm Blvd,16-05-2020
C00294,Brianna Garcia,,, 5083 Hill Ct ,16-07-2021
C00295,Arjun Silva,arjun.silva4@example.com,+1-555-302-6252,,06-05-2023
C00296,,hannah.ivanov62@example.com,+1-555-829-7855,6099 River Way,12-07-2021
C00297,Catherine Silva,catherine.silva88@example.com,+1-555-734-1575,,27/10/2021
C00298, Zoe Reyes ,zoe.reyes90@example.com,(555) 172-6177,2696 Hill Ct,2019-11-24
C00299,Sofia Khan,sofia.khan61@example.com,(555) 331-4030,9906 Elm Blvd,21/03/2023
C00300,Arjun Robinson,arjun.robinson33@example.com,,,2021-07-07
C00301,Sofia Walker,sofia.walker6@example.com,+1-555-138-6358,,25/12/2020
C00302,Ivy Garcia,ivy.garcia83@example.com,(555) 923-1855,2818 Pine Rd,10/06/2021
C00303,Olivia Ivanov,olivia.ivanov18@example.com,(555) 977-9889,796 River Way,21/10/2021
C00304,Liam Robinson,liam.robinson30@example.com,+1-555-478-2157,1118 River Way,2018-08-04
C00305,Priya Costa,priya.costa94@example.com,+1-555-959-6104,5781 Maple Ave,2023-10-25
C00306, Isaac Sato ,isaac.sato5@example.com,(555) 572-8083,397 Pine Rd,2022-10-25
C00307,Lucas Meyer,lucas.meyer21@example.com,+1-555-489-2261,,02/09/2021
C00308, Amelia Novak ,amelia.novak22@example.com,(555) 287-1287, 9043 Maple Ave ,20/05/2024
C00309, Hannah Patel ,hannah.patel72@example.com,+1-555-318-3354,2520 River Way,
C00310,Priya Nguyen,priya.nguyen96@example.com,+1-555-901-4883,8833 Elm Blvd,08-08-2020
C00311,,rohan.kim35@example.com,+1-555-956-7953, 8380 Oak St ,2023-06-24
C00312,Mateo Ivanov,mateo.ivanov53@example.com,(555) 884-5016,3268 Cedar Ln,23/10/2019
C00313,Ethan Nguyen,ethan.nguyen54@example.com,+1-555-591-8206,,22/04/2023
C00314, Amelia Reyes ,,+1-555-851-7965,5508 Lake Dr,25-05-2022
C00315,Amelia Meyer,amelia.meyer80@example.com,+1-555-405-3563,9090 Oak St,19-08-2019
C00316,Amelia Nguyen,amelia.nguyen37@example.com,+1-555-218-3227,448 Lake Dr,19/05/2023
C00317,Priya Singh,priya.singh50@example.com,+1-555-724-5269,284 Lake Dr,2022-05-08
C00318, Liam Sanders ,liam.sanders25@example.com,+1-555-314-1974,2313 Pine Rd,2021-06-28
C00319, Catherine Patel ,catherine.patel56@example.com,(555) 957-4161,N/A,
C00320, Liam Ivanov ,liam.ivanov91@example.com,+1-555-811-3760,1850 River Way,2019-10-26
C00321,Sofia Silva,sofia.silva30@example.com,+1-555-594-1400,2878 Pine Rd,2020-01-07
C00322,Ivy Robinson,ivy.robinson58@example.com,+1-555-549-1377,9856 Lake Dr,10-06-2022
C00323,Liam Bailey,liam.bailey90@example.com,+1-555-627-1091,5940 Hill Ct,14-02-2020
C00324,Maya Singh,maya.singh28@example.com,+1-555-911-1070,9510 Lake Dr,27-07-2021
C00325,Catherine Ortiz,catherine.ortiz97@example.com,,7023 Maple Ave,06/06/2024
C00326, Isaac Walker ,,+1-555-552-5204,1342 River Way,2022-02-17
C00327,Zoe Bailey,zoe.bailey55@example.com,+1-555-887-5548,7484 Lake Dr,
C00328,,mateo.patel46@example.com,+1-555-752-7168,N/A,2023-09-06
C00329, Catherine Brown ,catherine.brown44@example.com,(555) 960-4036, 2248 Maple Ave ,01-02-2020
C00330,Olivia Walker,,+1-555-889-2033,6287 River Way,2020-05-19
C00331,Maya Singh,maya.singh21@example.com,+1-555-633-2961,,2022-07-18
C00332,Priya Nguyen,priya.nguyen44@example.com,(555) 197-7024,,29/07/2019
C00333,Ethan Silva,ethan.silva81@example.com,(555) 478-6936,7885 Cedar Ln,04-02-2024
C00334, Liam Kim ,liam.kim71@example.com,+1-555-172-4371,8446 Maple Ave,29-08-2020
C00335,,catherine.singh41@example.com,+1-555-682-1144,8450 Hill Ct,04-12-2021
C00336,Sofia Sato,sofia.sato95@example.com,+1-555-627-6300,6303 Hill Ct,2018-04-21
C00337,Liam Robinson,liam.robinson7@example.com,(555) 537-9705, 6321 Pine Rd ,03-03-2022
C00338,,isaac.nguyen40@example.com,+1-555-614-2573, 9192 River Way ,18/08/2022
C00339, Arjun Sanders ,arjun.sanders62@example.com,(555) 703-7349,7044 Lake Dr,2023-05-06
C00340,Catherine Singh,catherine.singh11@example.com,+1-555-892-6433, 1465 Lake Dr ,19/11/2018
C00341,,,+1-555-269-1744,8165 Maple Ave,04-10-2019
C00342,Arjun Kim,arjun.kim56@example.com,(555) 365-8436,1508 Cedar Ln,2023-03-29
C00343, Priya Garcia ,priya.garcia5@example.com,(555) 510-7825,7066 Maple Ave,2019-09-30
C00344, Kabir Sato ,,+1-555-398-2039,9665 River Way,2019-06-04
C00345,Catherine Reyes,catherine.reyes42@example.com,(555) 345-1880,3630 Elm Blvd,
C00346,,diego.garcia82@example.com,+1-555-259-5270, 1926 Maple Ave ,2022-04-08
C00347,Mateo Sato,mateo.sato57@example.com,+1-555-759-9735,3230 Elm Blvd,2023-10-26
C00348,Zoe Robinson,zoe.robinson54@example.com,(555) 540-4038,N/A,2021-02-03
C00349,Ethan Brown,ethan.brown52@example.com,+1-555-949-1521,,06-08-2021
C00350,,arjun.meyer84@example.com,+1-555-852-5191,6013 Oak St,22-01-2021
C00351,,arjun.ivanov44@example.com,(555) 583-2778,3057 River Way,23/02/2019
C00352,Noah Ivanov,noah.ivanov20@example.com,+1-555-756-4004,2595 Lake Dr,2021-02-24
C00353,Lucas Bailey,lucas.bailey16@example.com,(555) 214-5450, 7211 Hill Ct ,2020-11-11
C00354,Maya Kim,maya.kim3@example.com,(555) 693-4796,4823 Maple Ave,
C00355,,rohan.sanders66@example.com,+1-555-571-3004,3899 Cedar Ln,10/12/2022
C00356,Priya Sato,,+1-555-486-1621,8524 Elm Blvd,07/01/2021
C00357,,,,4269 River Way,08/01/2019
C00358,Ethan Costa,ethan.costa67@example.com,(555) 477-3772,1651 River Way,12/04/2019
C00359,Catherine Walker,,+1-555-478-2874, 6007 Lake Dr ,
C00360,Maya Novak,maya.novak58@example.com,,4243 Cedar Ln,07-12-2019
C00361, Brianna Ortiz ,brianna.ortiz70@example.com,+1-555-583-4236, 8883 Pine Rd ,04-10-2018
C00362,Ethan Novak,ethan.novak69@example.com,+1-555-237-8919,1833 Pine Rd,26/01/2021
C00363,Priya Sato,priya.sato17@example.com,,8096 River Way,2024-03-02
C00364, Sofia Sanders ,sofia.sanders23@example.com,+1-555-947-9531,392 Oak St,30/07/2020
C00365,Noah Ivanov,noah.ivanov48@example.com,,378 Maple Ave,2018-07-27
C00366,Sofia Novak,sofia.novak1@example.com,(555) 930-1965,4700 Cedar Ln,2021-06-15
C00367,,hannah.kim29@example.com,+1-555-387-5435, 8373 Cedar Ln ,30-06-2019
C00368,Rohan Costa,rohan.costa52@example.com,+1-555-314-3620, 5702 River Way ,2022-07-22
C00369,Lucas Sato,lucas.sato13@example.com,,5721 Maple Ave,30/05/2023
C00370,Mateo Novak,mateo.novak77@example.com,(555) 676-3055,2794 Elm Blvd,27-01-2019
C00371, Noah Ivanov ,noah.ivanov29@example.com,+1-555-759-8110,6366 Elm Blvd,2019-09-02
C00372,Liam Kim,liam.kim57@example.com,+1-555-139-2669,8823 Hill Ct,10/06/2020
C00373, Olivia Brown ,olivia.brown20@example.com,(555) 358-2656,,2020-03-19
C00374, Arjun Meyer ,arjun.meyer15@example.com,+1-555-872-4661,,10-09-2021
C00375,Mateo Khan,mateo.khan29@example.com,+1-555-419-7847,N/A,26-11-2022
C00376,Mateo Kim,,+1-555-688-5015,9142 Maple Ave,24-11-2018
C00377,Noah Brown,noah.brown56@example.com,(555) 829-4351,,
C00378,Brianna Brown,brianna.brown40@example.com,+1-555-914-9943,2670 Maple Ave,11-01-2019
C00379, Diego Reyes ,diego.reyes16@example.com,+1-555-635-8601,4926 River Way,24/12/2022
C00380,Mateo Singh,mateo.singh15@example.com,+1-555-700-1691,7365 Elm Blvd,2020-04-11
C00381,Arjun Reyes,arjun.reyes72@example.com,,1349 Oak St,26-12-2022
C00382,Liam Khan,liam.khan47@example.com,+1-555-229-8755,,2018-04-21
C00383,Hannah Singh,,,778 Maple Ave,03-02-2024
C00384,Sofia Ortiz,sofia.ortiz38@example.com,,360 Elm Blvd,13-02-2023
C00385, Priya Bailey ,priya.bailey65@example.com,+1-555-398-6047,6135 Cedar Ln,16-08-2022
C00386,Maya Patel,maya.patel71@example.com,(555) 763-3097, 9152 Oak St ,22/11/2018
C00387,Isaac Nguyen,isaac.nguyen61@example.com,+1-555-757-9661,6884 Oak St,22/02/2020
C00388, Zoe Khan ,,+1-555-499-3307, 8403 Lake Dr ,28/03/2024
C00389, Hannah Ortiz ,hannah.ortiz43@example.com,(555) 419-7036,3023 Pine Rd,2019-11-29
C00390, Priya Brown ,priya.brown39@example.com,+1-555-184-5382,,19/02/2018
C00391, Arjun Robinson ,arjun.robinson76@example.com,(555) 201-8569,6883 Maple Ave,05/10/2020
C00392,Ivy Ortiz,ivy.ortiz71@example.com,+1-555-249-7530,2539 River Way,24/12/2020
C00393, Ethan Sato ,ethan.sato88@example.com,+1-555-433-1776,8217 Lake Dr,2023-09-08
C00394,Hannah Silva,hannah.silva60@example.com,(555) 877-6205,1808 Pine Rd,2019-04-10
C00395, Hannah Ortiz ,hannah.ortiz6@example.com,(555) 746-3841,,2023-01-01
C00396,,,+1-555-343-6560,5004 River Way,30/08/2022
C00397,,liam.reyes8@example.com,+1-555-973-7928,8036 River Way,
C00398,Amelia Reyes,amelia.reyes63@example.com,+1-555-200-7625, 1684 River Way ,
C00399,Rohan Singh,rohan.singh86@example.com,+1-555-102-8775,4065 Lake Dr,21/06/2024
C00400,,ivy.robinson56@example.com,(555) 571-3396,,2023-12-25
C00401, Olivia Singh ,olivia.singh31@example.com,+1-555-850-7245,3719 Lake Dr,2019-08-04
C00402,Lucas Robinson,,(555) 377-9078,868 Maple Ave,2019-10-31
C00403, Brianna Sato ,brianna.sato16@example.com,,8321 Pine Rd,2023-06-19
C00404,Olivia Silva,olivia.silva82@example.com,(555) 634-6370,2129 Pine Rd,08-07-2021
C00405,Lucas Patel,lucas.patel32@example.com,(555) 811-1333, 2006 Cedar Ln ,2021-06-08
C00406,Lucas Khan,,+1-555-265-4397, 1212 Oak St ,10-01-2019
C00407,Maya Garcia,maya.garcia76@example.com,(555) 907-8137, 5692 River Way ,18/12/2023
C00408,Ethan Kim,ethan.kim82@example.com,+1-555-914-8874,4985 Hill Ct,2019-01-02
C00409,Olivia Bailey,,(555) 295-1100,7893 Hill Ct,05/11/2021
C00410,Priya Silva,priya.silva60@example.com,+1-555-394-8831, 2286 Pine Rd ,06-11-2020
C00411,Maya Meyer,maya.meyer97@example.com,+1-555-120-8675,6745 Cedar Ln,2019-01-15
C00412,Diego Costa,diego.costa50@example.com,+1-555-210-4699,1137 Elm Blvd,2023-10-27
C00413,Ivy Bailey,ivy.bailey70@example.com,(555) 536-6398, 4106 Hill Ct ,
C00414, Catherine Kim ,catherine.kim31@example.com,(555) 610-5893, 7245 Hill Ct ,2023-12-23
C00415,Catherine Patel,catherine.patel71@example.com,(555) 432-8012, 3686 Maple Ave ,2018-06-29
C00416, Olivia Nguyen ,olivia.nguyen98@example.com,(555) 564-6694,,2024-04-20
C00417,Priya Robinson,priya.robinson2@example.com,+1-555-555-8061,6101 Elm Blvd,2023-08-07
C00418, Amelia Sanders ,amelia.sanders2@example.com,(555) 689-1487,,14/07/2021
C00419,Kabir Robinson,kabir.robinson89@example.com,(555) 365-5786,2253 River Way,
C00420, Maya Sato ,maya.sato19@example.com,(555) 277-7781, 4686 Maple Ave ,10-03-2022
C00421,Mateo Ivanov,mateo.ivanov33@example.com,+1-555-774-1215,3651 Lake Dr,28/07/2020
C00422, Sofia Patel ,sofia.patel28@example.com,+1-555-474-2911,6026 Lake Dr,05-05-2019
C00423,Priya Meyer,priya.meyer80@example.com,(555) 910-5295, 9213 Pine Rd ,02/05/2023
C00424, Zoe Garcia ,zoe.garcia17@example.com,(555) 648-9096,,10-03-2022
C00425,Lucas Reyes,lucas.reyes63@example.com,(555) 252-9407,8664 Pine Rd,30-01-2019
C00426,Amelia Kim,amelia.kim99@example.com,(555) 452-1327,8061 River Way,2020-03-31
C00427,Noah Reyes,noah.reyes25@example.com,(555) 902-6200, 5936 Maple Ave ,2022-08-09
C00428,Mateo Robinson,,(555) 601-3909, 1307 Cedar Ln ,11-11-2021
C00429,Noah Robinson,noah.robinson68@example.com,(555) 599-8185,9758 Elm Blvd,2021-02-01
C00430,Liam Sato,,(555) 234-8974, 6781 Lake Dr ,14/01/2018
C00431,Noah Ortiz,noah.ortiz99@example.com,+1-555-603-3866,2388 Hill Ct,23-06-2019
C00432,Zoe Novak,zoe.novak66@example.com,,3535 Pine Rd,2018-03-09
C00433, Maya Meyer ,maya.meyer39@example.com,(555) 868-4376,2356 River Way,2023-04-11
C00434,,priya.bailey67@example.com,+1-555-692-3430,,30/01/2018
C00435, Zoe Khan ,zoe.khan19@example.com,(555) 537-5280,6095 Elm Blvd,06/01/2019
C00436, Brianna Brown ,brianna.brown60@example.com,+1-555-789-6305,965 Cedar Ln,14/09/2020
C00437, Lucas Reyes ,lucas.reyes45@example.com,(555) 707-8524,2387 Oak St,06-10-2022
C00438,Ivy Robinson,ivy.robinson54@example.com,(555) 518-5089,8257 Maple Ave,26/07/2020
C00439,Catherine Ivanov,catherine.ivanov78@example.com,(555) 119-2815,4112 Hill Ct,19-12-2019
C00440,Zoe Singh,zoe.singh33@example.com,(555) 699-5516,7328 Pine Rd,15/04/2021
C00441, Ethan Khan ,ethan.khan61@example.com,+1-555-505-3535,5991 Oak St,09-10-2022
C00442,Lucas Silva,lucas.silva66@example.com,(555) 639-4389,2260 Pine Rd,
C00443,Ethan Novak,ethan.novak64@example.com,(555) 434-5072,4780 Elm Blvd,
C00444,,sofia.bailey11@example.com,+1-555-941-8040,3167 Cedar Ln,26-06-2023
C00445, Lucas Novak ,,+1-555-826-2651, 3268 Lake Dr ,01/03/2021
C00446,Sofia Garcia,sofia.garcia81@example.com,+1-555-268-9456,N/A,06-01-2020
C00447, Ivy Silva ,ivy.silva22@example.com,+1-555-142-7101, 1421 Oak St ,2021-07-26
C00448,Olivia Meyer,olivia.meyer84@example.com,(555) 259-9888,4847 Lake Dr,2019-12-21
C00449,Catherine Bailey,catherine.bailey43@example.com,,,13/05/2024
C00450,Diego Singh,diego.singh41@example.com,+1-555-156-3383, 4490 Maple Ave ,02/03/2022
C00451,Priya Lewis,,+1-555-828-9693,6624 Lake Dr,18-03-2024
C00452,Diego Lewis,diego.lewis6@example.com,+1-555-929-9665, 4645 Pine Rd ,08-08-2022
C00453,Liam Garcia,liam.garcia7@example.com,+1-555-330-1174, 3891 Pine Rd ,26-03-2022
C00454,Liam Garcia,liam.garcia88@example.com,+1-555-423-5983, 9168 River Way ,23/05/2018
C00455,Kabir Novak,kabir.novak71@example.com,(555) 252-1146,,18/06/2022
C00456,Hannah Sanders,hannah.sanders57@example.com,+1-555-651-8281,9513 Elm Blvd,13-12-2023
C00457,Noah Novak,,(555) 782-4417,3918 Cedar Ln,2020-09-11
C00458,Ethan Sato,ethan.sato89@example.com,+1-555-746-3783, 7728 River Way ,
C00459,Kabir Nguyen,kabir.nguyen30@example.com,+1-555-377-7049,9877 Maple Ave,2021-09-08
C00460,Ethan Patel,ethan.patel23@example.com,,9667 Maple Ave,07-03-2023
C00461,Priya Singh,priya.singh69@example.com,(555) 126-2229,8748 Elm Blvd,15-04-2024
C00462, Diego Robinson ,,(555) 360-1266,,2024-07-11
C00463,Noah Sanders,noah.sanders95@example.com,+1-555-902-8517,7372 Cedar Ln,02-01-2020
C00464,Mateo Sato,mateo.sato26@example.com,+1-555-186-1403,8899 Oak St,23/08/2019
C00465, Noah Singh ,noah.singh57@example.com,+1-555-926-3858,95 Oak St,
C00466,Isaac Garcia,isaac.garcia29@example.com,(555) 201-8195,9589 Maple Ave,21/08/2021
C00467,,isaac.reyes58@example.com,(555) 674-9094,1732 Maple Ave,11-09-2020
C00468,Diego Ortiz,diego.ortiz24@example.com,+1-555-574-5715,9018 Maple Ave,2024-03-30
C00469, Kabir Meyer ,kabir.meyer69@example.com,(555) 767-3343,3341 Cedar Ln,16/11/2021
C00470, Catherine Sato ,catherine.sato5@example.com,+1-555-633-8072,3088 Oak St,25-11-2023
C00471,Maya Robinson,maya.robinson32@example.com,+1-555-428-9201,958 Oak St,2021-05-09
C00472,Liam Walker,liam.walker90@example.com,+1-555-562-3319,9641 Oak St,08-10-2019
C00473,,liam.sanders99@example.com,+1-555-174-8238,79 Hill Ct,03-04-2019
C00474,Zoe Garcia,zoe.garcia51@example.com,+1-555-977-4630,1982 Lake Dr,08-01-2018
C00475,Liam Sanders,liam.sanders23@example.com,(555) 868-4814,3717 Pine Rd,22/08/2021
C00476,Liam Kim,liam.kim44@example.com,(555) 523-4375,,
C00477, Isaac Ortiz ,isaac.ortiz7@example.com,+1-555-984-2434,535 Cedar Ln,31-05-2018
C00478, Priya Silva ,priya.silva23@example.com,+1-555-559-5328,8354 River Way,31/08/2018
C00479, Liam Novak ,liam.novak94@example.com,+1-555-229-2204, 1842 Cedar Ln ,2019-06-21
C00480,Priya Patel,priya.patel54@example.com,+1-555-369-6896,,2019-08-25
C00481, Kabir Patel ,kabir.patel16@example.com,(555) 613-8430,9205 Maple Ave,22/01/2018
C00482, Ivy Brown ,ivy.brown10@example.com,+1-555-887-2892,2825 River Way,2021-11-19
C00483, Diego Garcia ,diego.garcia33@example.com,+1-555-490-7732,1651 Hill Ct,2023-12-12
C00484,Kabir Novak,kabir.novak22@example.com,(555) 311-4961,,2022-05-20
C00485,Isaac Sato,isaac.sato73@example.com,+1-555-715-2316,1730 Lake Dr,11-09-2020
C00486,Olivia Novak,olivia.novak92@example.com,+1-555-920-1734,4911 Cedar Ln,2020-06-05
C00487,Sofia Brown,sofia.brown56@example.com,(555) 919-5323, 8128 Oak St ,06/01/2023
C00488,,olivia.silva57@example.com,(555) 456-8832, 8203 Elm Blvd ,12/12/2023
C00489, Diego Ortiz ,diego.ortiz78@example.com,+1-555-915-1085,2453 Pine Rd,
C00490,Arjun Ivanov,arjun.ivanov89@example.com,+1-555-136-3340,8764 Maple Ave,16/06/2021
C00491,Olivia Ortiz,,(555) 660-2893,,04/11/2018
C00492,Catherine Ortiz,catherine.ortiz48@example.com,+1-555-363-3468,8144 Pine Rd,
C00493, Arjun Bailey ,arjun.bailey79@example.com,(555) 391-2741,4784 Oak St,21-10-2020
C00494,Mateo Costa,mateo.costa40@example.com,+1-555-392-1844,5210 River Way,2018-10-10
C00495, Hannah Nguyen ,hannah.nguyen14@example.com,+1-555-421-8476,,
C00496, Olivia Garcia ,olivia.garcia95@example.com,+1-555-998-2712, 3738 Cedar Ln ,
C00497, Mateo Bailey ,mateo.bailey13@example.com,(555) 585-8308,5374 Maple Ave,
C00498, Lucas Reyes ,lucas.reyes81@example.com,+1-555-910-8744,,
C00499,Sofia Sato,sofia.sato34@example.com,(555) 314-2824,1547 Lake Dr,
C00500,,olivia.lewis11@example.com,,4740 Elm Blvd,
C00501,Hannah Sato,hannah.sato49@example.com,+1-555-716-7928, 2978 Oak St ,12/07/2024
C00502,Catherine Brown,catherine.brown15@example.com,(555) 362-3142,8366 Oak St,2023-12-22
C00503,Ethan Sanders,ethan.sanders76@example.com,(555) 746-1405,N/A,12-10-2021
C00504,,maya.bailey33@example.com,,,09-06-2023
C00505,,priya.costa26@example.com,(555) 188-1318, 8353 River Way ,2022-01-04
C00506,Hannah Bailey,hannah.bailey3@example.com,+1-555-716-3404,N/A,25-05-2019
C00507,,catherine.singh60@example.com,(555) 929-7751, 5603 Pine Rd ,18-01-2020
C00508,Ivy Ivanov,,(555) 871-6438,2455 River Way,09-07-2018
C00509, Catherine Ivanov ,catherine.ivanov91@example.com,(555) 277-9834,2354 River Way,23/01/2024
C00510, Ethan Ortiz ,,(555) 773-7208,1102 Elm Blvd,2023-05-14
C00511,Rohan Meyer,rohan.meyer62@example.com,(555) 920-4407,8559 Pine Rd,28-10-2018
C00512,Mateo Robinson,mateo.robinson87@example.com,+1-555-459-7269, 656 Elm Blvd ,2023-09-16
C00513,Sofia Brown,sofia.brown70@example.com,(555) 954-4654, 4180 Oak St ,10/08/2022
C00514,,lucas.sanders88@example.com,(555) 249-9760, 1020 River Way ,2020-11-25
C00515,Isaac Costa,,+1-555-176-9853,8228 Maple Ave,
C00516, Maya Khan ,maya.khan55@example.com,+1-555-417-7057,8642 Lake Dr,12/02/2024
C00517,Zoe Ortiz,zoe.ortiz2@example.com,+1-555-299-4401, 1018 Lake Dr ,17-04-2024
C00518,Mateo Silva,mateo.silva81@example.com,,,25/08/2021
C00519,Olivia Costa,olivia.costa50@example.com,+1-555-474-2133,8741 Cedar Ln,07-12-2022
C00520,Amelia Meyer,amelia.meyer6@example.com,+1-555-160-7683,2263 Oak St,2024-03-02
C00521,Brianna Bailey,brianna.bailey25@example.com,+1-555-820-3171,8997 Lake Dr,03-03-2020
C00522,Isaac Singh,isaac.singh86@example.com,(555) 603-7744,5420 Elm Blvd,05/07/2020
C00523,Rohan Nguyen,rohan.nguyen85@example.com,,,2020-10-03
C00524,,mateo.silva95@example.com,(555) 193-6972,7802 Lake Dr,25-04-2019
C00525, Noah Sanders ,noah.sanders88@example.com,+1-555-621-4895, 6148 River Way ,13/11/2019
C00526,Noah Novak,noah.novak64@example.com,,,22-10-2022
C00527,,priya.lewis11@example.com,+1-555-259-8974,8578 Cedar Ln,2022-03-23
C00528,Lucas Reyes,lucas.reyes66@example.com,+1-555-584-6243, 6418 Oak St ,18-09-2022
C00529,Amelia Walker,amelia.walker7@example.com,(555) 665-4280,8860 Oak St,04-07-2019
C00530,Mateo Meyer,mateo.meyer67@example.com,,6721 River Way,2018-06-22
C00531, Olivia Khan ,olivia.khan89@example.com,(555) 593-2355,7002 Elm Blvd,04-04-2023
C00532,Isaac Patel,isaac.patel44@example.com,,,07/06/2022
C00533,,noah.sanders5@example.com,(555) 704-4686,1523 Pine Rd,13-03-2022
C00534, Olivia Reyes ,olivia.reyes89@example.com,+1-555-553-2534, 8906 River Way ,18/12/2021
C00535,Kabir Patel,kabir.patel61@example.com,(555) 291-4389,5507 Cedar Ln,13/01/2023
C00536,Kabir Robinson,kabir.robinson28@example.com,, 8951 Elm Blvd ,2019-11-11
C00537,Priya Nguyen,priya.nguyen86@example.com,(555) 413-4081, 7293 Cedar Ln ,2019-03-29
C00538,Rohan Bailey,rohan.bailey24@example.com,(555) 521-4039,1405 Pine Rd,14-09-2018
C00539,Rohan Khan,rohan.khan34@example.com,(555) 585-2231, 8701 Pine Rd ,21/11/2019
C00540,Noah Kim,noah.kim10@example.com,+1-555-135-1927,2654 Cedar Ln,2020-12-16
C00541,Zoe Sanders,zoe.sanders22@example.com,+1-555-606-2063,3858 Pine Rd,2019-11-28
C00542, Catherine Costa ,,(555) 619-6770,3916 Hill Ct,20/07/2024
C00543,Kabir Bailey,kabir.bailey62@example.com,+1-555-671-2195,8369 Pine Rd,
C00544,Sofia Novak,sofia.novak97@example.com,(555) 108-2844,8511 River Way,10-04-2023
C00545, Isaac Khan ,isaac.khan3@example.com,+1-555-172-5187,4078 Oak St,21-01-2024
C00546,Amelia Walker,amelia.walker64@example.com,(555) 630-9320,8831 Cedar Ln,05/12/2020
C00547,,hannah.brown56@example.com,+1-555-310-6735,7669 Oak St,14/11/2018
C00548, Lucas Bailey ,lucas.bailey58@example.com,(555) 780-9921,5675 Oak St,2019-03-29
C00549, Priya Bailey ,priya.bailey10@example.com,(555) 843-1681,1410 Cedar Ln,2021-10-24
C00550,Brianna Reyes,brianna.reyes58@example.com,,4370 Pine Rd,09-11-2021
C00551, Ethan Brown ,ethan.brown85@example.com,+1-555-531-6171,1976 Pine Rd,2023-09-05
C00552, Amelia Ivanov ,amelia.ivanov59@example.com,+1-555-234-9813, 9649 River Way ,01/03/2021
C00553,Mateo Ivanov,mateo.ivanov37@example.com,+1-555-410-9189,1099 Cedar Ln,07-06-2020
C00554,Noah Reyes,noah.reyes90@example.com,+1-555-205-1699, 9800 River Way ,27-08-2020
C00555,Brianna Sato,brianna.sato13@example.com,+1-555-534-3392,4851 River Way,
C00556,,zoe.kim76@example.com,+1-555-710-9065,9048 Elm Blvd,2021-02-11
C00557,Ivy Sato,ivy.sato8@example.com,(555) 571-9346,7501 Oak St,2023-10-14
C00558,Arjun Brown,arjun.brown48@example.com,(555) 648-9200, 5201 Pine Rd ,12/04/2021
C00559, Diego Khan ,diego.khan65@example.com,(555) 884-6899,2890 Lake Dr,2019-07-28
C00560,Priya Robinson,priya.robinson42@example.com,+1-555-383-1391,,2020-12-16
C00561, Noah Walker ,,+1-555-759-2274, 3745 Pine Rd ,2020-01-07
C00562,Ethan Patel,ethan.patel9@example.com,(555) 263-3302,,2021-05-21
C00563,Maya Khan,maya.khan36@example.com,(555) 805-4465,1882 Pine Rd,
C00564,Kabir Costa,kabir.costa89@example.com,+1-555-563-1152,2693 Lake Dr,
C00565, Diego Kim ,diego.kim43@example.com,,491 Cedar Ln,01-07-2021
C00566,Hannah Nguyen,hannah.nguyen91@example.com,(555) 723-9153,1527 Lake Dr,2019-04-09
C00567,Noah Sato,noah.sato74@example.com,+1-555-711-3172,3117 Maple Ave,22-12-2020
C00568,Ethan Lewis,ethan.lewis2@example.com,+1-555-740-6193, 8761 Maple Ave ,28/02/2021
C00569,Mateo Ivanov,mateo.ivanov68@example.com,+1-555-313-3382,2911 Cedar Ln,
C00570,Liam Reyes,liam.reyes17@example.com,+1-555-928-4059,,10-06-2024
C00571, Brianna Walker ,brianna.walker24@example.com,,9666 Oak St,2022-05-28
C00572,Mateo Khan,mateo.khan8@example.com,(555) 677-7453,1485 Hill Ct,2019-06-22
C00573, Rohan Garcia ,,(555) 680-4154,2878 Elm Blvd,13-12-2021
C00574, Rohan Silva ,rohan.silva4@example.com,(555) 135-4091,5369 Lake Dr,2019-09-04
C00575,Priya Silva,priya.silva54@example.com,+1-555-578-3043,3849 Maple Ave,23/05/2024
C00576,Hannah Ortiz,hannah.ortiz32@example.com,+1-555-105-6107,3375 Oak St,02-07-2022
C00577,Noah Bailey,noah.bailey73@example.com,+1-555-467-4235,,21-08-2022
C00578,Noah Meyer,noah.meyer47@example.com,+1-555-161-5216,3750 Cedar Ln,18-08-2020
C00579,Diego Bailey,diego.bailey63@example.com,+1-555-443-4154,,28/07/2020
C00580,,rohan.khan72@example.com,(555) 607-2179,1730 Lake Dr,28-10-2023
C00581,Priya Ivanov,priya.ivanov77@example.com,+1-555-436-1308, 3908 Maple Ave ,
C00582, Maya Nguyen ,maya.nguyen16@example.com,,6882 Pine Rd,21/01/2019
C00583,Maya Brown,,(555) 577-9492, 3256 Oak St ,
C00584,Sofia Kim,sofia.kim75@example.com,+1-555-709-9086, 5546 Lake Dr ,28/02/2019
C00585, Rohan Costa ,rohan.costa29@example.com,+1-555-255-2291,9283 Elm Blvd,24/01/2023
C00586,Diego Singh,diego.singh58@example.com,,3776 Lake Dr,2021-10-08
C00587,Catherine Ivanov,catherine.ivanov84@example.com,+1-555-878-3298,8031 Pine Rd,15/11/2022
C00588, Catherine Khan ,catherine.khan58@example.com,+1-555-117-3307, 2127 Oak St ,20-10-2020
C00589, Amelia Novak ,amelia.novak66@example.com,(555) 442-9821, 3795 Pine Rd ,2022-11-08
C00590,Arjun Lewis,arjun.lewis42@example.com,(555) 652-1540,5614 Lake Dr,13/04/2022
C00591,,amelia.walker84@example.com,+1-555-582-3530,,2023-08-23
C00592,Hannah Ivanov,hannah.ivanov4@example.com,(555) 170-5039,5535 Pine Rd,2019-12-15
C00593,Kabir Novak,kabir.novak98@example.com,(555) 417-7315, 5770 Oak St ,30/07/2020
C00594, Maya Ivanov ,maya.ivanov7@example.com,+1-555-400-5431, 6415 Elm Blvd ,29/04/2023
C00595,Ethan Sato,ethan.sato87@example.com,+1-555-640-2169, 438 Oak St ,05/04/2019
C00596,Noah Ortiz,,+1-555-255-1342,N/A,2019-11-12
C00597,Priya Ivanov,priya.ivanov1@example.com,(555) 399-2535,4850 Lake Dr,2021-09-09
C00598,Noah Ortiz,noah.ortiz29@example.com,+1-555-975-2556,6571 Elm Blvd,25-09-2022
C00599,Amelia Nguyen,,+1-555-450-9632,5090 Lake Dr,2018-01-02
C00600,Kabir Sanders,kabir.sanders20@example.com,+1-555-951-8827,9218 Pine Rd,05/10/2022
C00601,Amelia Robinson,amelia.robinson89@example.com,(555) 861-2755,6255 Lake Dr,11-11-2022
C00602,Amelia Lewis,amelia.lewis97@example.com,+1-555-559-7900,1942 Cedar Ln,2024-02-10
C00603,Arjun Nguyen,arjun.nguyen31@example.com,(555) 889-1679,6254 Lake Dr,16-05-2021
C00604,Liam Bailey,liam.bailey10@example.com,(555) 761-4658,6333 River Way,17/05/2022
C00605,Brianna Nguyen,brianna.nguyen11@example.com,+1-555-909-9327,9112 Elm Blvd,07/07/2019
C00606,Liam Costa,liam.costa91@example.com,(555) 689-5603,3035 Oak St,2024-01-29
C00607,Catherine Novak,catherine.novak90@example.com,+1-555-693-7792,8999 Hill Ct,
C00608, Diego Sato ,diego.sato17@example.com,(555) 591-4505, 5098 Cedar Ln ,2020-10-26
C00609,Priya Costa,priya.costa86@example.com,(555) 647-3463, 4781 Oak St ,05-10-2022
C00610,Amelia Meyer,amelia.meyer92@example.com,+1-555-157-2437,5775 Oak St,31-01-2023
C00611,Mateo Costa,mateo.costa45@example.com,+1-555-444-8096,6596 Cedar Ln,06/12/2018
C00612,Maya Garcia,maya.garcia83@example.com,+1-555-749-4624,7929 Cedar Ln,13/04/2024
C00613, Kabir Sanders ,kabir.sanders51@example.com,(555) 640-4201,4948 River Way,2024-06-30
C00614, Brianna Garcia ,brianna.garcia64@example.com,(555) 991-6920,1278 Maple Ave,27-04-2019
C00615,,mateo.sato12@example.com,+1-555-561-2665,4153 River Way,2023-08-30
C00616,,isaac.kim80@example.com,+1-555-833-1915,1256 Lake Dr,02-11-2019
C00617,Liam Bailey,liam.bailey97@example.com,+1-555-359-6986,1507 Oak St,2018-01-20
C00618, Catherine Patel ,,+1-555-956-8913,2423 Maple Ave,16/09/2021
C00619,Olivia Brown,olivia.brown27@example.com,+1-555-460-4761,1390 Hill Ct,2023-10-23
C00620,Ethan Sanders,ethan.sanders88@example.com,+1-555-906-3185,9764 Oak St,08/03/2021
C00621,Hannah Robinson,hannah.robinson89@example.com,(555) 506-3875,3182 Maple Ave,2022-06-20
C00622,,diego.walker72@example.com,(555) 982-6672,9895 Lake Dr,2018-07-08
C00623,,zoe.reyes41@example.com,(555) 272-2496,5024 Elm Blvd,29/07/2022
C00624, Maya Novak ,,+1-555-983-1718,3624 Oak St,
C00625,Isaac Walker,isaac.walker11@example.com,+1-555-678-1747, 1929 Lake Dr ,15/03/2020
C00626, Mateo Meyer ,mateo.meyer90@example.com,(555) 767-2370, 8307 Lake Dr ,03-08-2022
C00627,Diego Reyes,diego.reyes19@example.com,(555) 746-9640,3218 Cedar Ln,26-10-2023
C00628,Brianna Sato,brianna.sato62@example.com,,,12-03-2019
C00629,Maya Ivanov,maya.ivanov19@example.com,,5217 Lake Dr,05-11-2023
C00630,Brianna Walker,brianna.walker8@example.com,(555) 877-5518, 6673 Pine Rd ,23-03-2024
C00631,,hannah.singh23@example.com,+1-555-248-6716,424 Lake Dr,2023-03-05
C00632,Noah Sato,noah.sato21@example.com,(555) 863-1830,4015 Pine Rd,25-12-2020
C00633,Hannah Ivanov,hannah.ivanov76@example.com,, 2159 Pine Rd ,06/06/2020
C00634,Mateo Sanders,mateo.sanders61@example.com,+1-555-437-1347,2629 Lake Dr,2019-07-10
C00635,Kabir Khan,kabir.khan36@example.com,+1-555-891-6378,8588 Elm Blvd,10/02/2019
C00636, Ivy Sanders ,ivy.sanders3@example.com,(555) 444-5957,3178 Pine Rd,20/09/2018
C00637,Sofia Silva,sofia.silva52@example.com,(555) 276-7824,9662 Pine Rd,
C00638,,ivy.lewis30@example.com,,7694 Oak St,2022-02-01
C00639,Maya Ivanov,maya.ivanov8@example.com,+1-555-422-4274,1223 Lake Dr,15/05/2022
C00640, Hannah Bailey ,hannah.bailey59@example.com,+1-555-212-6393,7794 Maple Ave,
C00641,Sofia Silva,sofia.silva63@example.com,+1-555-553-8276,513 Cedar Ln,09-04-2018
C00642,Hannah Lewis,hannah.lewis6@example.com,(555) 991-3516,2463 Maple Ave,04/07/2024
C00643, Diego Reyes ,diego.reyes29@example.com,+1-555-110-5610,73 Lake Dr,02/07/2023
C00644,Kabir Singh,kabir.singh9@example.com,(555) 314-6862, 3602 Elm Blvd ,14/11/2022
C00645,Brianna Bailey,brianna.bailey45@example.com,(555) 454-7715,6414 Lake Dr,2021-11-10
C00646,Olivia Meyer,olivia.meyer70@example.com,(555) 556-5418,6014 Pine Rd,10/05/2024
C00647,Brianna Brown,brianna.brown56@example.com,+1-555-881-4819,8647 Lake Dr,20-02-2022
C00648,Diego Walker,diego.walker65@example.com,(555) 405-1748,6049 Cedar Ln,20-11-2021
C00649,Amelia Meyer,amelia.meyer1@example.com,+1-555-217-3091,224 River Way,08/05/2023
C00650,Brianna Sato,brianna.sato67@example.com,+1-555-327-5885,3913 Hill Ct,19/01/2019
C00651,Olivia Robinson,olivia.robinson86@example.com,+1-555-700-1881,7605 Hill Ct,2019-03-15
C00652,Liam Nguyen,liam.nguyen52@example.com,(555) 522-8578, 2157 River Way ,29/12/2023
C00653, Brianna Ivanov ,brianna.ivanov24@example.com,(555) 980-9899,6210 Pine Rd,21-01-2019
C00654, Arjun Patel ,arjun.patel34@example.com,(555) 226-8185,N/A,2022-12-07
C00655, Sofia Novak ,sofia.novak55@example.com,(555) 161-7315,8325 Cedar Ln,06-04-2021
C00656,Noah Brown,noah.brown70@example.com,+1-555-547-9453,2556 River Way,13/12/2019
C00657,Ethan Singh,,+1-555-518-6870,7704 Cedar Ln,12-08-2021
C00658,Arjun Singh,arjun.singh70@example.com,(555) 511-4918, 1078 Hill Ct ,16/08/2022
C00659,Zoe Meyer,zoe.meyer67@example.com,(555) 554-3147, 4874 River Way ,14/03/2019
C00660,Ivy Sato,ivy.sato90@example.com,+1-555-988-7389,3167 Pine Rd,
C00661,Ivy Novak,ivy.novak6@example.com,+1-555-849-8328,8334 Hill Ct,2021-07-20
C00662,Zoe Costa,zoe.costa95@example.com,(555) 650-9093,9526 Cedar Ln,18/09/2022
C00663,Arjun Singh,arjun.singh85@example.com,(555) 830-5622,4593 Oak St,
C00664,Lucas Khan,lucas.khan12@example.com,+1-555-881-5832,6035 Pine Rd,21/08/2019
C00665,Kabir Kim,kabir.kim30@example.com,+1-555-849-4450,6210 Maple Ave,24-03-2024
C00666,Mateo Garcia,mateo.garcia24@example.com,(555) 601-8243, 2376 Elm Blvd ,2020-08-29
C00667, Liam Reyes ,liam.reyes42@example.com,(555) 475-5836, 7016 Lake Dr ,24-06-2022
C00668, Arjun Patel ,,(555) 766-9939,8703 Lake Dr,17-07-2020
C00669,,mateo.meyer59@example.com,+1-555-159-4359, 9779 Pine Rd ,04-08-2021
C00670, Liam Patel ,liam.patel45@example.com,+1-555-334-5031,2584 River Way,2019-05-30
C00671, Maya Brown ,maya.brown36@example.com,(555) 161-3303, 6937 Pine Rd ,29/06/2021
C00672,Kabir Ivanov,kabir.ivanov54@example.com,+1-555-906-3133,8025 Elm Blvd,2019-03-07
C00673, Arjun Silva ,arjun.silva75@example.com,+1-555-140-5999, 9921 Maple Ave ,29-01-2024
C00674,Rohan Meyer,rohan.meyer15@example.com,+1-555-220-7455, 4309 Elm Blvd ,2022-11-15
C00675,Ivy Meyer,ivy.meyer80@example.com,+1-555-653-7789,3834 Oak St,03-11-2022
C00676,Diego Lewis,diego.lewis54@example.com,+1-555-252-5038,9750 Hill Ct,2020-01-06
C00677, Ivy Sato ,ivy.sato47@example.com,+1-555-391-9039,4196 River Way,2021-05-16
C00678,Liam Reyes,liam.reyes6@example.com,,8281 Maple Ave,
C00679,Hannah Bailey,hannah.bailey48@example.com,+1-555-459-5093,9737 Maple Ave,2021-01-28
C00680,Hannah Singh,hannah.singh22@example.com,,9727 Elm Blvd,2020-12-06
C00681,Liam Singh,,+1-555-999-8213,8544 Lake Dr,11-04-2021
C00682,Lucas Novak,,(555) 923-1154,9048 Oak St,19-01-2020
C00683,Brianna Ortiz,brianna.ortiz48@example.com,+1-555-184-9904,3642 Hill Ct,2018-12-11
C00684,Isaac Bailey,isaac.bailey28@example.com,+1-555-714-5379,5371 Hill Ct,
C00685, Lucas Garcia ,lucas.garcia67@example.com,+1-555-202-2174,9075 Oak St,29/11/2019
C00686,,,(555) 635-9394,,2019-01-27
C00687,Zoe Silva,zoe.silva38@example.com,+1-555-738-1367, 7058 Elm Blvd ,11-05-2019
C00688,Amelia Lewis,amelia.lewis53@example.com,(555) 411-8091,5211 Cedar Ln,03/06/2023
C00689,Lucas Sato,lucas.sato53@example.com,(555) 509-2180,,09-06-2020
C00690, Kabir Meyer ,kabir.meyer28@example.com,+1-555-446-2489,4123 River Way,13-03-2024
C00691,Lucas Ortiz,lucas.ortiz84@example.com,+1-555-941-4788,9088 Elm Blvd,
C00692, Maya Garcia ,maya.garcia8@example.com,+1-555-139-3791, 7736 Oak St ,21/08/2023
C00693,,sofia.ivanov17@example.com,(555) 638-7435,5495 Maple Ave,
C00694, Mateo Garcia ,mateo.garcia12@example.com,+1-555-512-5691, 6477 River Way ,2021-11-07
C00695,Mateo Bailey,mateo.bailey86@example.com,+1-555-780-1935,2947 Elm Blvd,18-08-2020
C00696, Noah Robinson ,noah.robinson81@example.com,+1-555-224-4818,1860 Elm Blvd,18-04-2022
C00697, Zoe Meyer ,zoe.meyer16@example.com,+1-555-384-5653,8375 Lake Dr,2019-11-04
C00698,Hannah Ortiz,hannah.ortiz67@example.com,+1-555-624-3092,5965 Cedar Ln,2021-11-09
C00699,Maya Kim,maya.kim63@example.com,+1-555-978-2822, 1036 Cedar Ln ,31-05-2023
C00700,Lucas Garcia,lucas.garcia11@example.com,,4945 Hill Ct,2023-10-19
C00701, Isaac Sato ,isaac.sato12@example.com,+1-555-867-6400,5560 Cedar Ln,23/03/2022
C00702, Ethan Walker ,,+1-555-565-9529,7610 River Way,10/05/2024
C00703, Arjun Robinson ,arjun.robinson96@example.com,,,21/09/2021
C00704,Amelia Walker,amelia.walker21@example.com,+1-555-355-3155,9586 River Way,2021-12-23
C00705, Maya Ortiz ,maya.ortiz31@example.com,+1-555-881-7843,9794 Hill Ct,24-04-2022
C00706, Amelia Walker ,amelia.walker52@example.com,+1-555-775-8135, 5569 River Way ,2022-06-19
C00707, Lucas Singh ,lucas.singh86@example.com,+1-555-189-7627,5387 Hill Ct,19/11/2018
C00708,Mateo Ivanov,mateo.ivanov86@example.com,, 7948 Hill Ct ,15-07-2022
C00709,Kabir Walker,kabir.walker54@example.com,,3717 Oak St,
C00710,Diego Silva,diego.silva2@example.com,+1-555-234-9796,8723 Elm Blvd,05/08/2021
C00711,Brianna Bailey,brianna.bailey12@example.com,(555) 200-5971,8455 Cedar Ln,20-01-2023
C00712,Ethan Costa,ethan.costa35@example.com,+1-555-293-5982,4841 Hill Ct,2024-04-15
C00713,,liam.robinson49@example.com,,8927 Oak St,21/09/2018
C00714,Hannah Meyer,hannah.meyer29@example.com,(555) 151-5017,9458 Hill Ct,17-03-2018
C00715,,,, 6819 Pine Rd ,25-06-2018
C00716,Ethan Bailey,ethan.bailey42@example.com,+1-555-440-4396,9510 Hill Ct,
C00717, Arjun Reyes ,,(555) 225-8459,9012 Hill Ct,10-12-2021
C00718, Catherine Ortiz ,,+1-555-346-8339,85 Maple Ave,2018-12-19
C00719,,ivy.meyer78@example.com,(555) 275-2457,8303 Lake Dr,2019-06-09
C00720, Isaac Walker ,isaac.walker94@example.com,+1-555-814-5482,7661 Maple Ave,2022-03-31
C00721,Diego Costa,diego.costa7@example.com,, 7686 Cedar Ln ,17/07/2020
C00722, Ethan Patel ,ethan.patel56@example.com,(555) 693-5026,4056 Cedar Ln,2022-08-27
C00723,Zoe Garcia,zoe.garcia13@example.com,+1-555-709-5125, 4838 River Way ,30-01-2020
C00724,Liam Costa,liam.costa48@example.com,(555) 805-2217,1317 Elm Blvd,26-06-2019
C00725,Kabir Patel,kabir.patel26@example.com,(555) 854-8626,9836 Maple Ave,08-10-2021
C00726,Diego Ortiz,diego.ortiz31@example.com,(555) 504-7324,3613 Pine Rd,
C00727,Noah Costa,noah.costa22@example.com,(555) 548-5506, 7846 Maple Ave ,2021-09-14
C00728,Zoe Kim,,(555) 103-9216, 6167 Hill Ct ,14-06-2019
C00729,Maya Patel,,(555) 790-3681,7372 Cedar Ln,2024-07-14
C00730,Kabir Bailey,kabir.bailey84@example.com,(555) 761-6331,1498 Oak St,31/08/2018
C00731,Kabir Patel,kabir.patel26@example.com,(555) 371-9317,5439 Pine Rd,03-01-2018
C00732, Rohan Robinson ,,(555) 118-6112,579 Maple Ave,2018-06-13
C00733,Catherine Kim,catherine.kim83@example.com,+1-555-312-8252,N/A,10/05/2019
C00734,Arjun Sato,arjun.sato94@example.com,+1-555-979-5506,6903 Oak St,27-06-2020
C00735,Hannah Kim,hannah.kim98@example.com,+1-555-393-8915,6421 Lake Dr,2020-09-20
C00736,Mateo Kim,mateo.kim98@example.com,+1-555-630-6386,N/A,22/06/2018
C00737,Noah Sato,noah.sato36@example.com,+1-555-339-8043,1108 Cedar Ln,20/11/2020
C00738,Hannah Khan,hannah.khan89@example.com,(555) 305-1455,90 Lake Dr,2020-01-27
C00739,Sofia Singh,,(555) 918-3676,8120 Lake Dr,27-07-2019
C00740,Zoe Lewis,zoe.lewis93@example.com,+1-555-908-6585,5048 River Way,
C00741,,mateo.nguyen43@example.com,+1-555-711-1654,466 Cedar Ln,02/08/2022
C00742,,mateo.nguyen25@example.com,+1-555-473-8878, 2522 Lake Dr ,22/10/2018
C00743,Olivia Kim,olivia.kim74@example.com,(555) 885-2508,3840 River Way,21-01-2018
C00744,Ivy Khan,ivy.khan7@example.com,(555) 901-2728, 2314 Maple Ave ,03-05-2019
C00745,Rohan Sanders,rohan.sanders72@example.com,(555) 213-7418,9322 Elm Blvd,24/04/2024
C00746, Arjun Kim ,arjun.kim84@example.com,(555) 107-9142,429 Lake Dr,2018-10-28
C00747,Isaac Garcia,isaac.garcia5@example.com,+1-555-282-4658,8608 Lake Dr,2020-12-27
C00748,Ivy Costa,ivy.costa6@example.com,(555) 390-9305,4170 Elm Blvd,05-06-2023
C00749,Olivia Garcia,olivia.garcia92@example.com,+1-555-198-7405, 9106 Elm Blvd ,13/04/2022
C00750, Liam Ortiz ,liam.ortiz55@example.com,+1-555-689-9630,6972 Cedar Ln,19/05/2021
C00751,Olivia Sanders,olivia.sanders91@example.com,+1-555-100-3855,3987 Oak St,07-09-2021
C00752, Sofia Garcia ,sofia.garcia3@example.com,(555) 378-6337, 4088 Maple Ave ,20/07/2022
C00753,Maya Singh,maya.singh35@example.com,(555) 240-6336,8774 Elm Blvd,10-03-2021
C00754,Olivia Novak,olivia.novak16@example.com,+1-555-844-1489,9219 Maple Ave,2020-03-16
C00755,Isaac Walker,isaac.walker1@example.com,+1-555-378-1139,3845 River Way,2021-05-28
C00756,Amelia Singh,amelia.singh18@example.com,(555) 848-9561, 1452 Hill Ct ,
C00757,Maya Patel,maya.patel22@example.com,+1-555-355-3816,4203 Elm Blvd,21/08/2022
C00758, Hannah Ortiz ,hannah.ortiz64@example.com,+1-555-712-1346,985 Lake Dr,20/09/2021
C00759,,zoe.sanders63@example.com,+1-555-950-6264,6818 Lake Dr,
C00760, Noah Novak ,noah.novak42@example.com,+1-555-768-9886,455 Lake Dr,2022-05-06
C00761, Arjun Novak ,arjun.novak28@example.com,(555) 313-3988,8701 Cedar Ln,02-09-2020
C00762, Diego Kim ,diego.kim22@example.com,+1-555-456-1838,5285 Maple Ave,2023-04-30
C00763, Ivy Ivanov ,ivy.ivanov68@example.com,+1-555-155-6681,2572 Pine Rd,10-08-2019
C00764,Ivy Singh,ivy.singh58@example.com,(555) 428-4478,4436 Oak St,18-10-2019
C00765,Hannah Garcia,hannah.garcia23@example.com,(555) 331-3795,3889 Oak St,
C00766, Mateo Novak ,mateo.novak79@example.com,+1-555-242-4888,6657 Elm Blvd,04-01-2020
C00767,Lucas Garcia,lucas.garcia96@example.com,+1-555-625-9928,2912 River Way,14-03-2020
C00768, Hannah Bailey ,hannah.bailey67@example.com,(555) 737-7194,,06-03-2024
C00769,Ivy Singh,ivy.singh45@example.com,+1-555-324-2301,6202 Hill Ct,26/10/2018
C00770, Ethan Singh ,ethan.singh86@example.com,(555) 108-8421, 9254 Pine Rd ,27/11/2020
C00771,Noah Singh,noah.singh5@example.com,+1-555-688-9219, 2829 Elm Blvd ,31/03/2022
C00772,Liam Nguyen,liam.nguyen55@example.com,(555) 705-5567,4726 Hill Ct,03-04-2023
C00773,Isaac Kim,isaac.kim16@example.com,(555) 655-6595,3544 Elm Blvd,
C00774,Catherine Ivanov,catherine.ivanov44@example.com,+1-555-347-8319, 9560 River Way ,
C00775,Noah Nguyen,noah.nguyen9@example.com,+1-555-934-4371,1388 Cedar Ln,2024-02-24
C00776, Rohan Ortiz ,rohan.ortiz22@example.com,(555) 827-8144,8448 Pine Rd,2021-10-12
C00777,Priya Silva,priya.silva84@example.com,(555) 966-4302, 5434 Maple Ave ,03/02/2019
C00778,Liam Robinson,liam.robinson74@example.com,(555) 538-4312,3320 Elm Blvd,2019-11-14
C00779, Olivia Bailey ,olivia.bailey78@example.com,(555) 847-3403,8305 Maple Ave,2019-04-30
C00780, Amelia Singh ,amelia.singh32@example.com,(555) 105-7337,4200 Elm Blvd,11/12/2018
C00781,Diego Brown,diego.brown54@example.com,+1-555-142-8050,9467 Hill Ct,26/03/2021
C00782, Maya Patel ,maya.patel21@example.com,+1-555-611-8764,4980 Oak St,
C00783,Lucas Khan,lucas.khan89@example.com,+1-555-939-4908,3685 River Way,07/11/2020
C00784,Brianna Robinson,brianna.robinson82@example.com,+1-555-137-2503,9601 Cedar Ln,20/01/2023
C00785,Amelia Sato,amelia.sato75@example.com,+1-555-790-6080,8473 Oak St,2019-11-14
C00786,Rohan Sato,rohan.sato64@example.com,(555) 423-7714,5184 Lake Dr,2023-06-27
C00787, Liam Costa ,liam.costa59@example.com,+1-555-467-2907,,09-10-2022
C00788, Priya Lewis ,priya.lewis12@example.com,+1-555-306-4670,8136 Hill Ct,2021-09-27
C00789,Amelia Silva,amelia.silva31@example.com,+1-555-448-5651,3402 River Way,08/06/2018
C00790,Amelia Garcia,amelia.garcia29@example.com,,9842 Pine Rd,
C00791,Olivia Sato,olivia.sato35@example.com,+1-555-264-4474, 8416 Hill Ct ,18/09/2023
C00792,Maya Patel,maya.patel42@example.com,(555) 845-9632, 3292 Cedar Ln ,31-05-2023
C00793, Rohan Sanders ,rohan.sanders84@example.com,+1-555-150-9610,7326 Lake Dr,31/03/2024
C00794, Liam Lewis ,liam.lewis86@example.com,(555) 313-5204,7657 Elm Blvd,04-04-2019
C00795,Zoe Ivanov,zoe.ivanov17@example.com,+1-555-540-1890,4293 Elm Blvd,22/04/2024
C00796,Arjun Walker,arjun.walker84@example.com,+1-555-805-6088,1769 Hill Ct,30-06-2020
C00797, Rohan Reyes ,,+1-555-417-2730, 1841 River Way ,19-06-2019
C00798,Mateo Garcia,mateo.garcia6@example.com,+1-555-129-8917, 1900 Cedar Ln ,2019-01-10
C00799,Sofia Silva,sofia.silva21@example.com,+1-555-717-2248, 6761 Cedar Ln ,08/02/2020
C00800, Maya Patel ,maya.patel26@example.com,(555) 389-6787, 1155 Oak St ,2018-06-01
C00801,Mateo Khan,mateo.khan67@example.com,(555) 177-1728,6860 Pine Rd,02/02/2021
C00802, Zoe Sanders ,zoe.sanders92@example.com,+1-555-155-1253,1214 Maple Ave,2023-09-26
C00803,Liam Meyer,,(555) 711-6743,1525 River Way,27-07-2024
C00804,Ivy Robinson,ivy.robinson85@example.com,+1-555-550-5526,,31-12-2020
C00805,Diego Sato,diego.sato38@example.com,+1-555-167-7984,3117 River Way,11/05/2024
C00806,Ivy Walker,ivy.walker50@example.com,+1-555-996-6735,2143 Oak St,01-01-2023
C00807,,zoe.khan88@example.com,+1-555-110-6952,8548 Maple Ave,
C00808, Sofia Novak ,sofia.novak66@example.com,(555) 223-2043,6775 Lake Dr,2020-07-15
C00809,Olivia Costa,olivia.costa26@example.com,(555) 211-9353,,24/01/2019
C00810, Arjun Garcia ,arjun.garcia43@example.com,+1-555-236-3555,,12-12-2020
C00811,Olivia Ivanov,olivia.ivanov89@example.com,(555) 781-4397, 7844 Oak St ,2019-11-26
C00812,Amelia Bailey,amelia.bailey97@example.com,+1-555-220-2211, 7712 Maple Ave ,25-04-2019
C00813,,maya.sato41@example.com,(555) 417-6556,4111 Oak St,2019-01-08
C00814,Olivia Nguyen,olivia.nguyen2@example.com,+1-555-566-1858,3286 Maple Ave,09-08-2019
C00815,Mateo Ivanov,mateo.ivanov16@example.com,+1-555-487-2500, 2712 Maple Ave ,12-08-2020
C00816, Catherine Novak ,catherine.novak54@example.com,(555) 555-5179,5009 Hill Ct,01/11/2018
C00817,Kabir Reyes,kabir.reyes43@example.com,(555) 887-7981,8827 Lake Dr,16/12/2022
C00818,,noah.sato94@example.com,+1-555-989-3879,,2020-07-01
C00819,Sofia Ortiz,,+1-555-611-2009, 7002 River Way ,10/07/2024
C00820,Maya Garcia,maya.garcia60@example.com,+1-555-153-7931,2938 Hill Ct,2021-11-28
C00821,Isaac Khan,isaac.khan26@example.com,+1-555-225-6707,253 Elm Blvd,2022-08-14
C00822, Brianna Meyer ,brianna.meyer22@example.com,+1-555-514-8569, 8300 Oak St ,23-12-2019
C00823, Noah Lewis ,noah.lewis62@example.com,+1-555-271-3115,2583 Hill Ct,2023-03-14
C00824,Ivy Singh,ivy.singh60@example.com,+1-555-356-1892,6602 River Way,09/06/2020
C00825,Isaac Novak,isaac.novak9@example.com,(555) 191-2662,5874 Cedar Ln,31-10-2021
C00826,Noah Bailey,noah.bailey96@example.com,(555) 664-6299,9515 Lake Dr,
C00827,Amelia Walker,amelia.walker66@example.com,+1-555-115-7982,3725 Lake Dr,
C00828,Ethan Novak,ethan.novak60@example.com,+1-555-754-2887,645 Hill Ct,2024-02-17
C00829, Diego Robinson ,diego.robinson81@example.com,(555) 955-4501,1809 Maple Ave,2021-10-24
C00830,Priya Ortiz,priya.ortiz46@example.com,,3313 Maple Ave,12-01-2024
C00831,,sofia.silva25@example.com,(555) 261-7573,9868 River Way,
C00832,Sofia Meyer,sofia.meyer3@example.com,(555) 868-9236,4963 Pine Rd,2021-01-02
C00833, Noah Novak ,noah.novak81@example.com,(555) 314-8931,,2023-01-03
C00834,Arjun Walker,arjun.walker97@example.com,,2669 River Way,2019-11-11
C00835, Rohan Brown ,,+1-555-882-9596,5283 Lake Dr,2024-05-24
C00836,Lucas Nguyen,,+1-555-394-1546,3605 Pine Rd,2020-02-23
C00837,Isaac Patel,,(555) 160-1273,,14-07-2024
C00838,Rohan Reyes,rohan.reyes6@example.com,,2362 Oak St,2019-06-14
C00839,Diego Sato,,(555) 508-2035,4880 Lake Dr,2020-09-07
C00840, Liam Lewis ,liam.lewis18@example.com,+1-555-276-2147,4643 Elm Blvd,11-03-2019
C00841,Arjun Patel,arjun.patel75@example.com,+1-555-209-7973,164 Maple Ave,18/06/2024
C00842, Zoe Silva ,zoe.silva48@example.com,(555) 861-1994, 3541 River Way ,2018-08-09
C00843,Lucas Ivanov,lucas.ivanov70@example.com,+1-555-208-8720,3381 Hill Ct,28/06/2018
C00844,Priya Meyer,priya.meyer8@example.com,+1-555-703-3670,644 Hill Ct,22/09/2021
C00845,Arjun Nguyen,,+1-555-839-6790, 5952 Hill Ct ,15/06/2023
C00846,Amelia Kim,amelia.kim40@example.com,+1-555-169-3252,9433 Hill Ct,29/11/2023
C00847,Mateo Kim,mateo.kim77@example.com,(555) 330-9419,7038 Maple Ave,31-08-2020
C00848,Catherine Singh,,(555) 295-5758,9939 Pine Rd,22/10/2021
C00849,Liam Walker,,(555) 629-4317,6461 Oak St,08/11/2020
C00850, Hannah Brown ,hannah.brown7@example.com,(555) 259-8950,1691 Oak St,08/05/2023
C00851,Diego Nguyen,diego.nguyen5@example.com,,4468 Pine Rd,
C00852,Ethan Nguyen,ethan.nguyen63@example.com,+1-555-847-4104,9857 Lake Dr,2018-09-27
C00853,Catherine Meyer,catherine.meyer92@example.com,(555) 488-1208,,28-12-2022
C00854,Amelia Lewis,amelia.lewis82@example.com,+1-555-249-1220,4192 Oak St,2024-07-10
C00855, Isaac Kim ,isaac.kim2@example.com,+1-555-552-6682,9342 Pine Rd,2021-03-19
C00856,Priya Kim,priya.kim69@example.com,,789 Pine Rd,16/06/2020
C00857,Maya Walker,maya.walker22@example.com,+1-555-338-4619,5369 Cedar Ln,2020-08-11
C00858,,liam.patel33@example.com,(555) 587-5982,N/A,2022-10-07
C00859, Brianna Brown ,,(555) 347-9336,297 Oak St,03/02/2024
C00860,Liam Ivanov,liam.ivanov91@example.com,+1-555-830-3970,567 River Way,11-06-2024
C00861,Olivia Ortiz,olivia.ortiz96@example.com,+1-555-765-3651,,2021-05-17
C00862, Liam Meyer ,liam.meyer43@example.com,+1-555-773-9426,6163 Pine Rd,15-01-2019
C00863,Kabir Nguyen,kabir.nguyen39@example.com,(555) 518-5475,5289 Lake Dr,12-01-2019
C00864,Isaac Ortiz,isaac.ortiz87@example.com,+1-555-717-7611,,17/02/2022
C00865,Rohan Novak,rohan.novak97@example.com,(555) 425-6781,8467 Maple Ave,2022-06-15
C00866,Catherine Brown,catherine.brown44@example.com,+1-555-570-1211,7018 Elm Blvd,25/03/2022
C00867, Priya Robinson ,priya.robinson14@example.com,+1-555-649-1974,3145 Hill Ct,2021-04-15
C00868,Hannah Ivanov,hannah.ivanov28@example.com,(555) 467-4928, 7945 River Way ,12-03-2022
C00869,,ethan.garcia75@example.com,+1-555-819-4186,7385 Elm Blvd,30-06-2021
C00870,Olivia Sato,olivia.sato86@example.com,+1-555-118-4071, 1155 Lake Dr ,2022-09-12
C00871, Sofia Garcia ,,(555) 869-6307,6952 River Way,21/08/2019
C00872,Mateo Sanders,mateo.sanders92@example.com,(555) 978-4744,6529 Maple Ave,2019-02-13
C00873,Kabir Singh,kabir.singh25@example.com,(555) 621-8015,4423 Hill Ct,2022-02-24
C00874,Noah Silva,noah.silva12@example.com,+1-555-416-8034,4408 Elm Blvd,2020-11-30
C00875,Liam Silva,liam.silva51@example.com,+1-555-714-3124,4895 Lake Dr,
C00876,Maya Brown,maya.brown36@example.com,+1-555-834-1838,3987 Oak St,24-01-2018
C00877, Diego Walker ,diego.walker51@example.com,+1-555-277-3494, 8208 Cedar Ln ,
C00878,Ethan Costa,ethan.costa85@example.com,+1-555-744-3284, 2150 River Way ,24/02/2022
C00879,Isaac Lewis,,+1-555-355-1904,3725 Pine Rd,07-12-2021
C00880,Olivia Sanders,olivia.sanders83@example.com,(555) 791-6728,3637 Lake Dr,2023-03-29
C00881,Hannah Novak,hannah.novak11@example.com,+1-555-184-2507,6992 Hill Ct,30/04/2020
C00882,Ethan Khan,ethan.khan24@example.com,(555) 389-3914,4855 Pine Rd,
C00883, Hannah Costa ,hannah.costa38@example.com,+1-555-281-7611,3159 Elm Blvd,22-08-2020
C00884,Hannah Khan,hannah.khan11@example.com,+1-555-780-2853,,2018-02-12
C00885,Ethan Khan,ethan.khan66@example.com,+1-555-211-4053,2320 Cedar Ln,2018-07-04
C00886,,mateo.walker85@example.com,,2721 Hill Ct,15-03-2024
C00887, Ivy Khan ,ivy.khan31@example.com,(555) 860-6380,6679 Cedar Ln,22-03-2018
C00888,,,+1-555-527-7066,9076 Hill Ct,2021-09-20
C00889,Diego Costa,diego.costa5@example.com,(555) 293-9921,7234 Oak St,28-11-2020
C00890,Ethan Meyer,ethan.meyer97@example.com,,,05/09/2021
C00891,Diego Singh,diego.singh39@example.com,(555) 232-8644,,10-11-2018
C00892, Noah Costa ,,(555) 635-9570, 6613 Pine Rd ,19-04-2022
C00893,Liam Patel,liam.patel90@example.com,+1-555-476-2759,2281 Elm Blvd,18-04-2022
C00894, Zoe Kim ,zoe.kim2@example.com,+1-555-891-9403, 1998 Oak St ,29-07-2019
C00895,Rohan Garcia,rohan.garcia96@example.com,+1-555-361-7091, 844 Lake Dr ,2019-05-31
C00896,Hannah Ortiz,hannah.ortiz53@example.com,+1-555-786-3309,6439 Oak St,2024-06-02
C00897, Catherine Lewis ,catherine.lewis29@example.com,+1-555-646-8321,2004 Pine Rd,2020-07-18
C00898,,lucas.khan61@example.com,(555) 507-4396,6810 Pine Rd,2023-05-07
C00899, Lucas Sanders ,lucas.sanders19@example.com,+1-555-844-5426, 5065 Hill Ct ,2024-07-07
C00900,Ivy Robinson,ivy.robinson8@example.com,+1-555-498-7708,693 Hill Ct,15/05/2018
C00901,,lucas.robinson4@example.com,(555) 482-5540,,
C00902,Noah Sanders,noah.sanders99@example.com,,8954 Hill Ct,2020-07-23
C00903,Amelia Khan,amelia.khan16@example.com,(555) 770-2079,2093 Maple Ave,2022-01-01
C00904,Amelia Sato,amelia.sato35@example.com,(555) 998-3091, 7980 Oak St ,27/04/2024
C00905,Lucas Silva,lucas.silva60@example.com,+1-555-766-9564, 5398 Cedar Ln ,21-04-2022
C00906,Arjun Sanders,,+1-555-633-4648,2078 Pine Rd,2018-08-27
C00907, Noah Sato ,noah.sato31@example.com,+1-555-809-4624,N/A,27/05/2021
C00908, Brianna Robinson ,brianna.robinson36@example.com,(555) 911-1010,4842 Cedar Ln,03-01-2018
C00909,Ivy Silva,ivy.silva65@example.com,+1-555-856-7526,9219 Lake Dr,2024-01-05
C00910,,catherine.brown60@example.com,+1-555-460-8631, 5367 Cedar Ln ,2021-11-13
C00911,Olivia Sato,olivia.sato12@example.com,(555) 989-7544, 3450 Maple Ave ,15-12-2018
C00912,Brianna Kim,brianna.kim43@example.com,,31 Oak St,2019-04-18
C00913, Rohan Garcia ,rohan.garcia63@example.com,(555) 453-8166, 7110 Lake Dr ,03/03/2021
C00914,Isaac Bailey,isaac.bailey1@example.com,+1-555-199-6457,3004 Pine Rd,15-08-2020
C00915,Noah Silva,noah.silva72@example.com,(555) 293-4117,4543 River Way,12/09/2019
C00916,Maya Walker,maya.walker31@example.com,+1-555-446-4398,,23/04/2021
C00917,Rohan Brown,rohan.brown14@example.com,(555) 334-3109, 7950 Oak St ,07/11/2018
C00918, Hannah Khan ,hannah.khan1@example.com,(555) 474-1372, 1252 Lake Dr ,24/01/2021
C00919,Kabir Lewis,kabir.lewis19@example.com,+1-555-464-5723,5731 Oak St,19/01/2023
C00920,,zoe.silva79@example.com,+1-555-227-6498,,07/05/2022
C00921,Arjun Reyes,arjun.reyes58@example.com,+1-555-654-1911, 4906 Lake Dr ,02/02/2019
C00922,,arjun.brown62@example.com,(555) 146-5381,1491 Cedar Ln,
C00923,Noah Walker,noah.walker98@example.com,(555) 581-5181,2327 Elm Blvd,19/02/2018
C00924,Sofia Meyer,sofia.meyer60@example.com,+1-555-193-6929,9669 Oak St,05/12/2020
C00925,Catherine Lewis,catherine.lewis83@example.com,+1-555-153-5638,2219 Lake Dr,03/02/2022
C00926,Ethan Singh,ethan.singh41@example.com,+1-555-713-2843,8841 Hill Ct,10-07-2019
C00927,Liam Nguyen,liam.nguyen79@example.com,+1-555-677-6617,322 Pine Rd,29/01/2020
C00928,Diego Reyes,diego.reyes64@example.com,(555) 662-6693,524 Oak St,27-05-2020
C00929,,mateo.walker69@example.com,+1-555-364-8020,2002 Elm Blvd,20/12/2023
C00930,Amelia Nguyen,,(555) 801-2490,,2022-10-14
C00931,Kabir Reyes,kabir.reyes13@example.com,(555) 659-8019, 9049 Pine Rd ,05/10/2021
C00932,Ivy Bailey,ivy.bailey36@example.com,+1-555-639-7633,,05-07-2022
C00933,Zoe Khan,zoe.khan5@example.com,+1-555-836-3570,6234 River Way,2020-03-30
C00934, Priya Bailey ,priya.bailey34@example.com,(555) 791-7591,3948 Elm Blvd,2023-11-21
C00935,Ivy Khan,ivy.khan26@example.com,+1-555-447-1086, 8545 Lake Dr ,
C00936, Isaac Brown ,isaac.brown77@example.com,+1-555-185-8571,237 Pine Rd,
C00937,Noah Khan,noah.khan84@example.com,+1-555-480-4907,1366 Hill Ct,27/05/2018
C00938,Amelia Nguyen,amelia.nguyen13@example.com,+1-555-702-7343,1962 Cedar Ln,2019-11-17
C00939, Noah Ortiz ,noah.ortiz68@example.com,(555) 914-3980,27 Oak St,2019-05-21
C00940,Amelia Novak,amelia.novak65@example.com,(555) 555-1149,5817 Cedar Ln,14/10/2021
C00941,Lucas Sanders,lucas.sanders79@example.com,(555) 985-3412,9996 Cedar Ln,08-08-2021
C00942, Mateo Reyes ,mateo.reyes19@example.com,+1-555-472-9383,726 Elm Blvd,2020-01-12
C00943,Lucas Singh,lucas.singh46@example.com,+1-555-127-6125,8628 Cedar Ln,15/10/2021
C00944,Brianna Robinson,,+1-555-888-2857, 7725 Hill Ct ,04-04-2022
C00945,Diego Sanders,diego.sanders42@example.com,(555) 349-1968,4812 Maple Ave,30/06/2024
C00946,Ethan Sanders,ethan.sanders30@example.com,+1-555-753-8401, 1718 Oak St ,
C00947, Zoe Bailey ,zoe.bailey86@example.com,+1-555-341-9344,8979 Hill Ct,05/05/2021
C00948,Rohan Patel,rohan.patel57@example.com,(555) 120-4687,7440 Cedar Ln,
C00949,Lucas Walker,lucas.walker27@example.com,+1-555-168-5063,3346 Pine Rd,03/08/2018
C00950,Sofia Reyes,sofia.reyes78@example.com,(555) 496-4746,5611 Elm Blvd,14-12-2018
C00951,Maya Costa,maya.costa31@example.com,(555) 932-4480,6501 Lake Dr,2021-09-14
C00952,Liam Reyes,,+1-555-988-8697, 584 Elm Blvd ,2020-03-27
C00953,,lucas.novak94@example.com,+1-555-872-8758, 8803 Lake Dr ,11-03-2020
C00954,Noah Reyes,noah.reyes36@example.com,+1-555-497-6392,6422 River Way,07/06/2023
C00955,Liam Meyer,liam.meyer53@example.com,+1-555-278-5272,2907 Hill Ct,10-06-2021
C00956, Catherine Lewis ,catherine.lewis40@example.com,+1-555-830-8088,,31-10-2021
C00957,Liam Garcia,,(555) 835-5495, 6143 Maple Ave ,2022-12-01
C00958,Arjun Meyer,arjun.meyer65@example.com,+1-555-330-1989,684 Pine Rd,15-02-2024
C00959, Diego Ivanov ,,(555) 603-8222,7118 Cedar Ln,22/08/2019
C00960,Diego Sanders,diego.sanders66@example.com,(555) 465-4364,,23-11-2022
C00961,Olivia Lewis,,(555) 339-7398,937 Lake Dr,2019-08-31
C00962,Zoe Ivanov,zoe.ivanov15@example.com,+1-555-774-3052,7240 Cedar Ln,2022-04-28
C00963, Maya Patel ,maya.patel96@example.com,(555) 244-1710,711 Hill Ct,2019-07-05
C00964,Brianna Patel,brianna.patel92@example.com,(555) 591-7159,5757 River Way,06/10/2018
C00965,Ethan Bailey,ethan.bailey12@example.com,+1-555-341-5298,9593 Hill Ct,2023-08-04
C00966,Noah Nguyen,noah.nguyen16@example.com,+1-555-288-8998,2659 Oak St,11/10/2020
C00967,,,(555) 550-6093,4732 Elm Blvd,2018-03-04
C00968, Ivy Novak ,ivy.novak68@example.com,+1-555-243-2657, 7449 Hill Ct ,2022-12-27
C00969,Zoe Robinson,zoe.robinson54@example.com,(555) 948-1113,3366 Oak St,09/03/2019
C00970,Catherine Reyes,catherine.reyes51@example.com,+1-555-256-8439,7243 Hill Ct,26/07/2019
C00971,Rohan Khan,rohan.khan51@example.com,(555) 611-1072, 5314 Pine Rd ,29/02/2020
C00972,Noah Bailey,noah.bailey58@example.com,(555) 333-6407,3956 Lake Dr,06/02/2020
C00973,Priya Sato,priya.sato98@example.com,(555) 974-6938, 8360 Elm Blvd ,10-08-2021
C00974, Noah Ortiz ,noah.ortiz89@example.com,+1-555-927-8019,4945 Oak St,30/06/2020
C00975,Priya Lewis,priya.lewis52@example.com,+1-555-997-7447,6006 Elm Blvd,01/02/2018
C00976, Mateo Meyer ,mateo.meyer69@example.com,+1-555-572-5086,6005 Cedar Ln,05-07-2021
C00977,Zoe Novak,zoe.novak62@example.com,+1-555-675-6583,5086 Lake Dr,15/09/2023
C00978,Catherine Silva,catherine.silva59@example.com,+1-555-944-4871,9361 Maple Ave,18/05/2023
C00979, Mateo Singh ,,+1-555-900-1431,43 Maple Ave,26-10-2023
C00980,Hannah Sanders,hannah.sanders72@example.com,(555) 364-1759,9995 Lake Dr,20-09-2019
C00981,Ethan Costa,ethan.costa47@example.com,(555) 374-6085,8258 River Way,
C00982,Arjun Costa,arjun.costa89@example.com,+1-555-259-3711,2210 Pine Rd,26-11-2021
C00983,Mateo Khan,mateo.khan69@example.com,(555) 336-5788,4459 River Way,13/07/2018
C00984,Kabir Reyes,kabir.reyes96@example.com,(555) 798-6027, 9955 Maple Ave ,21-12-2020
C00985,Hannah Singh,hannah.singh12@example.com,+1-555-393-2906,,10-01-2023
C00986,,priya.meyer51@example.com,+1-555-917-2189,3416 Lake Dr,
C00987, Brianna Garcia ,brianna.garcia54@example.com,+1-555-525-4634, 3818 Elm Blvd ,11/03/2022
C00988,Zoe Singh,,+1-555-713-6846,,22/08/2023
C00989,Lucas Sanders,,+1-555-741-2827,5539 Cedar Ln,
C00990,Liam Singh,liam.singh8@example.com,+1-555-452-6328,719 Pine Rd,2021-01-26
C00991, Catherine Khan ,catherine.khan25@example.com,(555) 387-1992,3936 Hill Ct,04-09-2022
C00992,Brianna Brown,brianna.brown4@example.com,(555) 959-8575,2776 Elm Blvd,15/07/2021
C00993, Amelia Robinson ,amelia.robinson40@example.com,+1-555-543-2714,9736 Elm Blvd,2020-11-20
C00994,,rohan.singh17@example.com,,6446 Cedar Ln,2019-12-07
C00995, Diego Garcia ,diego.garcia80@example.com,(555) 827-3217,7995 Lake Dr,2022-12-07
C00996,Priya Nguyen,priya.nguyen33@example.com,(555) 287-8463,,27-03-2024
C00997,Brianna Nguyen,brianna.nguyen97@example.com,+1-555-913-8316,7217 Lake Dr,27-12-2022
C00998, Isaac Brown ,isaac.brown96@example.com,+1-555-419-7718,555 Oak St,08/12/2018
C00999,,hannah.khan70@example.com,(555) 535-6227,7713 Pine Rd,25-02-2024
C01000,Mateo Sato,mateo.sato24@example.com,+1-555-301-4000, 9487 Pine Rd ,2018-11-08
C00508,Ivy Ivanov,,(555) 871-6438,2455 River Way,09-07-2018
C00819,Sofia Ortiz,,+1-555-611-2009, 7002 River Way ,10/07/2024
C00453,Liam Garcia,liam.garcia7@example.com,+1-555-330-1174, 3891 Pine Rd ,26-03-2022
C00369,Lucas Sato,lucas.sato13@example.com,,5721 Maple Ave,30/05/2023
C00243,Isaac Khan,isaac.khan51@example.com,(555) 961-6599, 6563 Hill Ct ,10/08/2023
C00930,Amelia Nguyen,,(555) 801-2490,,2022-10-14
C00263,Catherine Robinson,catherine.robinson8@example.com,(555) 833-1501,2222 Hill Ct,
C00811,Olivia Ivanov,olivia.ivanov89@example.com,(555) 781-4397, 7844 Oak St ,2019-11-26
C00319, Catherine Patel ,catherine.patel56@example.com,(555) 957-4161,,
C00050, Olivia Khan ,olivia.khan58@example.com,+1-555-829-6147,1864 Maple Ave,10/11/2019
C00447, Ivy Silva ,ivy.silva22@example.com,+1-555-142-7101, 1421 Oak St ,2021-07-26
C00143,Rohan Costa,rohan.costa58@example.com,+1-555-110-2118,8615 Cedar Ln,10/02/2019
